Idioma,Nombre idioma,Grupo/página,Ruta exacta,ID hallazgo,Prioridad,Clasificación,Error o incoherencia,Valor actual,Valor correcto/esperado,Corrección a realizar,Evidencia,Estado,Fuente
EN,Inglés,BIKE,bike/index.html,RSB-003,ALTA,E,Existe una API key de Google Maps en cliente; desde el ZIP no puede verificarse que esté restringida.,Clave de Google Maps visible en el HTML cliente.,Restricciones de Website/dominio y API exacta verificadas en Google Cloud.,Verificar en Google Cloud las restricciones de Website/dominio y de API de la clave usada por esta página; no cambiar el HTML basándose solo en la visibilidad de la clave.,El HTML contiene una clave con prefijo AIza. La auditoría clasifica la restricción Cloud como no verificable desde el ZIP.,REQUIERE CONFIRMACIÓN,Auditoría forense + ZIP auditado
EN,Inglés,BLOG_50CC_VS_125CC,blog/50cc-vs-125cc-scooter-rental-barcelona/index.html,,,,SIN CORRECCIONES DEMOSTRADAS EXCEPTO IMÁGENES,,,,,SIN ACCIÓN NO-IMAGEN,Auditoría forense
EN,Inglés,BLOG_BEGINNER_INLINE,blog/beginner-inline-skating-barcelona/index.html,,,,SIN CORRECCIONES DEMOSTRADAS EXCEPTO IMÁGENES,,,,,SIN ACCIÓN NO-IMAGEN,Auditoría forense
EN,Inglés,BLOG_BEST_ROUTES,blog/best-rollerblading-routes-barcelona/index.html,,,,SIN CORRECCIONES DEMOSTRADAS EXCEPTO IMÁGENES,,,,,SIN ACCIÓN NO-IMAGEN,Auditoría forense
EN,Inglés,BLOG_BIKE,blog/bike/index.html,RSB-003,ALTA,E,Existe una API key de Google Maps en cliente; desde el ZIP no puede verificarse que esté restringida.,Clave de Google Maps visible en el HTML cliente.,Restricciones de Website/dominio y API exacta verificadas en Google Cloud.,Verificar en Google Cloud las restricciones de Website/dominio y de API de la clave usada por esta página; no cambiar el HTML basándose solo en la visibilidad de la clave.,El HTML contiene una clave con prefijo AIza. La auditoría clasifica la restricción Cloud como no verificable desde el ZIP.,REQUIERE CONFIRMACIÓN,Auditoría forense + ZIP auditado
EN,Inglés,BLOG_HOURLY_INLINE_RENTAL,blog/hourly-inline-skate-rental-barcelona/index.html,,,,SIN CORRECCIONES DEMOSTRADAS EXCEPTO IMÁGENES,,,,,SIN ACCIÓN NO-IMAGEN,Auditoría forense
EN,Inglés,BLOG_INDEX,blog/index.html,,,,SIN CORRECCIONES DEMOSTRADAS EXCEPTO IMÁGENES,,,,,SIN ACCIÓN NO-IMAGEN,Auditoría forense
EN,Inglés,BLOG_INLINE_SKATES,blog/inline-skates/index.html,RSB-003,ALTA,E,Existe una API key de Google Maps en cliente; desde el ZIP no puede verificarse que esté restringida.,Clave de Google Maps visible en el HTML cliente.,Restricciones de Website/dominio y API exacta verificadas en Google Cloud.,Verificar en Google Cloud las restricciones de Website/dominio y de API de la clave usada por esta página; no cambiar el HTML basándose solo en la visibilidad de la clave.,El HTML contiene una clave con prefijo AIza. La auditoría clasifica la restricción Cloud como no verificable desde el ZIP.,REQUIERE CONFIRMACIÓN,Auditoría forense + ZIP auditado
EN,Inglés,BLOG_LONGBOARD,blog/longboard/index.html,RSB-003,ALTA,E,Existe una API key de Google Maps en cliente; desde el ZIP no puede verificarse que esté restringida.,Clave de Google Maps visible en el HTML cliente.,Restricciones de Website/dominio y API exacta verificadas en Google Cloud.,Verificar en Google Cloud las restricciones de Website/dominio y de API de la clave usada por esta página; no cambiar el HTML basándose solo en la visibilidad de la clave.,El HTML contiene una clave con prefijo AIza. La auditoría clasifica la restricción Cloud como no verificable desde el ZIP.,REQUIERE CONFIRMACIÓN,Auditoría forense + ZIP auditado
EN,Inglés,BLOG_ROLLER_SKATES,blog/roller-skates/index.html,RSB-003,ALTA,E,Existe una API key de Google Maps en cliente; desde el ZIP no puede verificarse que esté restringida.,Clave de Google Maps visible en el HTML cliente.,Restricciones de Website/dominio y API exacta verificadas en Google Cloud.,Verificar en Google Cloud las restricciones de Website/dominio y de API de la clave usada por esta página; no cambiar el HTML basándose solo en la visibilidad de la clave.,El HTML contiene una clave con prefijo AIza. La auditoría clasifica la restricción Cloud como no verificable desde el ZIP.,REQUIERE CONFIRMACIÓN,Auditoría forense + ZIP auditado
EN,Inglés,BLOG_SCOOTER,blog/scooter/index.html,RSB-003,ALTA,E,Existe una API key de Google Maps en cliente; desde el ZIP no puede verificarse que esté restringida.,Clave de Google Maps visible en el HTML cliente.,Restricciones de Website/dominio y API exacta verificadas en Google Cloud.,Verificar en Google Cloud las restricciones de Website/dominio y de API de la clave usada por esta página; no cambiar el HTML basándose solo en la visibilidad de la clave.,El HTML contiene una clave con prefijo AIza. La auditoría clasifica la restricción Cloud como no verificable desde el ZIP.,REQUIERE CONFIRMACIÓN,Auditoría forense + ZIP auditado
EN,Inglés,BLOG_SKATEBOARD,blog/skateboard/index.html,RSB-003,ALTA,E,Existe una API key de Google Maps en cliente; desde el ZIP no puede verificarse que esté restringida.,Clave de Google Maps visible en el HTML cliente.,Restricciones de Website/dominio y API exacta verificadas en Google Cloud.,Verificar en Google Cloud las restricciones de Website/dominio y de API de la clave usada por esta página; no cambiar el HTML basándose solo en la visibilidad de la clave.,El HTML contiene una clave con prefijo AIza. La auditoría clasifica la restricción Cloud como no verificable desde el ZIP.,REQUIERE CONFIRMACIÓN,Auditoría forense + ZIP auditado
EN,Inglés,HOME,index.html,RSB-003,ALTA,E,Existe una API key de Google Maps en cliente; desde el ZIP no puede verificarse que esté restringida.,Clave de Google Maps visible en el HTML cliente.,Restricciones de Website/dominio y API exacta verificadas en Google Cloud.,Verificar en Google Cloud las restricciones de Website/dominio y de API de la clave usada por esta página; no cambiar el HTML basándose solo en la visibilidad de la clave.,El HTML contiene una clave con prefijo AIza. La auditoría clasifica la restricción Cloud como no verificable desde el ZIP.,REQUIERE CONFIRMACIÓN,Auditoría forense + ZIP auditado
EN,Inglés,HOME,index.html,RSB-008,MEDIA,E,El candidato declara 226 reseñas; producción observada declaraba 222.,226 en candidato; 222 observado en producción durante la auditoría.,Número vigente en Google Business/Profile en el momento del release (no determinado por la auditoría).,Consultar Google Business/Profile justo antes del release y sincronizar el valor confirmado.,Diferencia ZIP ↔ producción observada; la auditoría no determina cuál de los dos valores es el correcto actual.,REQUIERE CONFIRMACIÓN,Auditoría forense + ZIP auditado
EN,Inglés,LOCATION_CONTACT,location-contact/index.html,RSB-003,ALTA,E,Existe una API key de Google Maps en cliente; desde el ZIP no puede verificarse que esté restringida.,Clave de Google Maps visible en el HTML cliente.,Restricciones de Website/dominio y API exacta verificadas en Google Cloud.,Verificar en Google Cloud las restricciones de Website/dominio y de API de la clave usada por esta página; no cambiar el HTML basándose solo en la visibilidad de la clave.,El HTML contiene una clave con prefijo AIza. La auditoría clasifica la restricción Cloud como no verificable desde el ZIP.,REQUIERE CONFIRMACIÓN,Auditoría forense + ZIP auditado
EN,Inglés,LONGBOARD,longboard/index.html,RSB-003,ALTA,E,Existe una API key de Google Maps en cliente; desde el ZIP no puede verificarse que esté restringida.,Clave de Google Maps visible en el HTML cliente.,Restricciones de Website/dominio y API exacta verificadas en Google Cloud.,Verificar en Google Cloud las restricciones de Website/dominio y de API de la clave usada por esta página; no cambiar el HTML basándose solo en la visibilidad de la clave.,El HTML contiene una clave con prefijo AIza. La auditoría clasifica la restricción Cloud como no verificable desde el ZIP.,REQUIERE CONFIRMACIÓN,Auditoría forense + ZIP auditado
EN,Inglés,PRICES,Prices/index.html,RSB-003,ALTA,E,Existe una API key de Google Maps en cliente; desde el ZIP no puede verificarse que esté restringida.,Clave de Google Maps visible en el HTML cliente.,Restricciones de Website/dominio y API exacta verificadas en Google Cloud.,Verificar en Google Cloud las restricciones de Website/dominio y de API de la clave usada por esta página; no cambiar el HTML basándose solo en la visibilidad de la clave.,El HTML contiene una clave con prefijo AIza. La auditoría clasifica la restricción Cloud como no verificable desde el ZIP.,REQUIERE CONFIRMACIÓN,Auditoría forense + ZIP auditado
EN,Inglés,QUADS,quads/index.html,RSB-003,ALTA,E,Existe una API key de Google Maps en cliente; desde el ZIP no puede verificarse que esté restringida.,Clave de Google Maps visible en el HTML cliente.,Restricciones de Website/dominio y API exacta verificadas en Google Cloud.,Verificar en Google Cloud las restricciones de Website/dominio y de API de la clave usada por esta página; no cambiar el HTML basándose solo en la visibilidad de la clave.,El HTML contiene una clave con prefijo AIza. La auditoría clasifica la restricción Cloud como no verificable desde el ZIP.,REQUIERE CONFIRMACIÓN,Auditoría forense + ZIP auditado
EN,Inglés,ROLLERBLADES,rollerblades/index.html,RSB-003,ALTA,E,Existe una API key de Google Maps en cliente; desde el ZIP no puede verificarse que esté restringida.,Clave de Google Maps visible en el HTML cliente.,Restricciones de Website/dominio y API exacta verificadas en Google Cloud.,Verificar en Google Cloud las restricciones de Website/dominio y de API de la clave usada por esta página; no cambiar el HTML basándose solo en la visibilidad de la clave.,El HTML contiene una clave con prefijo AIza. La auditoría clasifica la restricción Cloud como no verificable desde el ZIP.,REQUIERE CONFIRMACIÓN,Auditoría forense + ZIP auditado
EN,Inglés,SCOOTER,scooter/index.html,RSB-003,ALTA,E,Existe una API key de Google Maps en cliente; desde el ZIP no puede verificarse que esté restringida.,Clave de Google Maps visible en el HTML cliente.,Restricciones de Website/dominio y API exacta verificadas en Google Cloud.,Verificar en Google Cloud las restricciones de Website/dominio y de API de la clave usada por esta página; no cambiar el HTML basándose solo en la visibilidad de la clave.,El HTML contiene una clave con prefijo AIza. La auditoría clasifica la restricción Cloud como no verificable desde el ZIP.,REQUIERE CONFIRMACIÓN,Auditoría forense + ZIP auditado
EN,Inglés,SKATEBOARD,skateboard/index.html,RSB-003,ALTA,E,Existe una API key de Google Maps en cliente; desde el ZIP no puede verificarse que esté restringida.,Clave de Google Maps visible en el HTML cliente.,Restricciones de Website/dominio y API exacta verificadas en Google Cloud.,Verificar en Google Cloud las restricciones de Website/dominio y de API de la clave usada por esta página; no cambiar el HTML basándose solo en la visibilidad de la clave.,El HTML contiene una clave con prefijo AIza. La auditoría clasifica la restricción Cloud como no verificable desde el ZIP.,REQUIERE CONFIRMACIÓN,Auditoría forense + ZIP auditado
ES,Español,BIKE,es/bike/index.html,RSB-003,ALTA,E,Existe una API key de Google Maps en cliente; desde el ZIP no puede verificarse que esté restringida.,Clave de Google Maps visible en el HTML cliente.,Restricciones de Website/dominio y API exacta verificadas en Google Cloud.,Verificar en Google Cloud las restricciones de Website/dominio y de API de la clave usada por esta página; no cambiar el HTML basándose solo en la visibilidad de la clave.,El HTML contiene una clave con prefijo AIza. La auditoría clasifica la restricción Cloud como no verificable desde el ZIP.,REQUIERE CONFIRMACIÓN,Auditoría forense + ZIP auditado
ES,Español,BLOG_50CC_VS_125CC,es/blog/50cc-vs-125cc-scooter-rental-barcelona/index.html,,,,SIN CORRECCIONES DEMOSTRADAS EXCEPTO IMÁGENES,,,,,SIN ACCIÓN NO-IMAGEN,Auditoría forense
ES,Español,BLOG_BEGINNER_INLINE,es/blog/patinar-en-barcelona-principiantes/index.html,,,,SIN CORRECCIONES DEMOSTRADAS EXCEPTO IMÁGENES,,,,,SIN ACCIÓN NO-IMAGEN,Auditoría forense
ES,Español,BLOG_BEST_ROUTES,es/blog/best-rollerblading-routes-barcelona/index.html,,,,SIN CORRECCIONES DEMOSTRADAS EXCEPTO IMÁGENES,,,,,SIN ACCIÓN NO-IMAGEN,Auditoría forense
ES,Español,BLOG_BIKE,es/blog/bike/index.html,RSB-003,ALTA,E,Existe una API key de Google Maps en cliente; desde el ZIP no puede verificarse que esté restringida.,Clave de Google Maps visible en el HTML cliente.,Restricciones de Website/dominio y API exacta verificadas en Google Cloud.,Verificar en Google Cloud las restricciones de Website/dominio y de API de la clave usada por esta página; no cambiar el HTML basándose solo en la visibilidad de la clave.,El HTML contiene una clave con prefijo AIza. La auditoría clasifica la restricción Cloud como no verificable desde el ZIP.,REQUIERE CONFIRMACIÓN,Auditoría forense + ZIP auditado
ES,Español,BLOG_HOURLY_INLINE_RENTAL,es/blog/alquiler-patines-linea-barcelona-por-horas/index.html,,,,SIN CORRECCIONES DEMOSTRADAS EXCEPTO IMÁGENES,,,,,SIN ACCIÓN NO-IMAGEN,Auditoría forense
ES,Español,BLOG_INDEX,es/blog/index.html,,,,SIN CORRECCIONES DEMOSTRADAS EXCEPTO IMÁGENES,,,,,SIN ACCIÓN NO-IMAGEN,Auditoría forense
ES,Español,BLOG_INLINE_SKATES,es/blog/inline-skates/index.html,RSB-003,ALTA,E,Existe una API key de Google Maps en cliente; desde el ZIP no puede verificarse que esté restringida.,Clave de Google Maps visible en el HTML cliente.,Restricciones de Website/dominio y API exacta verificadas en Google Cloud.,Verificar en Google Cloud las restricciones de Website/dominio y de API de la clave usada por esta página; no cambiar el HTML basándose solo en la visibilidad de la clave.,El HTML contiene una clave con prefijo AIza. La auditoría clasifica la restricción Cloud como no verificable desde el ZIP.,REQUIERE CONFIRMACIÓN,Auditoría forense + ZIP auditado
ES,Español,BLOG_LONGBOARD,es/blog/longboard/index.html,RSB-003,ALTA,E,Existe una API key de Google Maps en cliente; desde el ZIP no puede verificarse que esté restringida.,Clave de Google Maps visible en el HTML cliente.,Restricciones de Website/dominio y API exacta verificadas en Google Cloud.,Verificar en Google Cloud las restricciones de Website/dominio y de API de la clave usada por esta página; no cambiar el HTML basándose solo en la visibilidad de la clave.,El HTML contiene una clave con prefijo AIza. La auditoría clasifica la restricción Cloud como no verificable desde el ZIP.,REQUIERE CONFIRMACIÓN,Auditoría forense + ZIP auditado
ES,Español,BLOG_ROLLER_SKATES,es/blog/roller-skates/index.html,RSB-003,ALTA,E,Existe una API key de Google Maps en cliente; desde el ZIP no puede verificarse que esté restringida.,Clave de Google Maps visible en el HTML cliente.,Restricciones de Website/dominio y API exacta verificadas en Google Cloud.,Verificar en Google Cloud las restricciones de Website/dominio y de API de la clave usada por esta página; no cambiar el HTML basándose solo en la visibilidad de la clave.,El HTML contiene una clave con prefijo AIza. La auditoría clasifica la restricción Cloud como no verificable desde el ZIP.,REQUIERE CONFIRMACIÓN,Auditoría forense + ZIP auditado
ES,Español,BLOG_SCOOTER,es/blog/scooter/index.html,RSB-003,ALTA,E,Existe una API key de Google Maps en cliente; desde el ZIP no puede verificarse que esté restringida.,Clave de Google Maps visible en el HTML cliente.,Restricciones de Website/dominio y API exacta verificadas en Google Cloud.,Verificar en Google Cloud las restricciones de Website/dominio y de API de la clave usada por esta página; no cambiar el HTML basándose solo en la visibilidad de la clave.,El HTML contiene una clave con prefijo AIza. La auditoría clasifica la restricción Cloud como no verificable desde el ZIP.,REQUIERE CONFIRMACIÓN,Auditoría forense + ZIP auditado
ES,Español,BLOG_SKATEBOARD,es/blog/skateboard/index.html,RSB-003,ALTA,E,Existe una API key de Google Maps en cliente; desde el ZIP no puede verificarse que esté restringida.,Clave de Google Maps visible en el HTML cliente.,Restricciones de Website/dominio y API exacta verificadas en Google Cloud.,Verificar en Google Cloud las restricciones de Website/dominio y de API de la clave usada por esta página; no cambiar el HTML basándose solo en la visibilidad de la clave.,El HTML contiene una clave con prefijo AIza. La auditoría clasifica la restricción Cloud como no verificable desde el ZIP.,REQUIERE CONFIRMACIÓN,Auditoría forense + ZIP auditado
ES,Español,HOME,es/index.html,RSB-003,ALTA,E,Existe una API key de Google Maps en cliente; desde el ZIP no puede verificarse que esté restringida.,Clave de Google Maps visible en el HTML cliente.,Restricciones de Website/dominio y API exacta verificadas en Google Cloud.,Verificar en Google Cloud las restricciones de Website/dominio y de API de la clave usada por esta página; no cambiar el HTML basándose solo en la visibilidad de la clave.,El HTML contiene una clave con prefijo AIza. La auditoría clasifica la restricción Cloud como no verificable desde el ZIP.,REQUIERE CONFIRMACIÓN,Auditoría forense + ZIP auditado
ES,Español,LOCATION_CONTACT,es/location-contact/index.html,RSB-003,ALTA,E,Existe una API key de Google Maps en cliente; desde el ZIP no puede verificarse que esté restringida.,Clave de Google Maps visible en el HTML cliente.,Restricciones de Website/dominio y API exacta verificadas en Google Cloud.,Verificar en Google Cloud las restricciones de Website/dominio y de API de la clave usada por esta página; no cambiar el HTML basándose solo en la visibilidad de la clave.,El HTML contiene una clave con prefijo AIza. La auditoría clasifica la restricción Cloud como no verificable desde el ZIP.,REQUIERE CONFIRMACIÓN,Auditoría forense + ZIP auditado
ES,Español,LONGBOARD,es/longboard/index.html,RSB-003,ALTA,E,Existe una API key de Google Maps en cliente; desde el ZIP no puede verificarse que esté restringida.,Clave de Google Maps visible en el HTML cliente.,Restricciones de Website/dominio y API exacta verificadas en Google Cloud.,Verificar en Google Cloud las restricciones de Website/dominio y de API de la clave usada por esta página; no cambiar el HTML basándose solo en la visibilidad de la clave.,El HTML contiene una clave con prefijo AIza. La auditoría clasifica la restricción Cloud como no verificable desde el ZIP.,REQUIERE CONFIRMACIÓN,Auditoría forense + ZIP auditado
ES,Español,PRICES,es/Prices/index.html,RSB-003,ALTA,E,Existe una API key de Google Maps en cliente; desde el ZIP no puede verificarse que esté restringida.,Clave de Google Maps visible en el HTML cliente.,Restricciones de Website/dominio y API exacta verificadas en Google Cloud.,Verificar en Google Cloud las restricciones de Website/dominio y de API de la clave usada por esta página; no cambiar el HTML basándose solo en la visibilidad de la clave.,El HTML contiene una clave con prefijo AIza. La auditoría clasifica la restricción Cloud como no verificable desde el ZIP.,REQUIERE CONFIRMACIÓN,Auditoría forense + ZIP auditado
ES,Español,QUADS,es/quads/index.html,RSB-003,ALTA,E,Existe una API key de Google Maps en cliente; desde el ZIP no puede verificarse que esté restringida.,Clave de Google Maps visible en el HTML cliente.,Restricciones de Website/dominio y API exacta verificadas en Google Cloud.,Verificar en Google Cloud las restricciones de Website/dominio y de API de la clave usada por esta página; no cambiar el HTML basándose solo en la visibilidad de la clave.,El HTML contiene una clave con prefijo AIza. La auditoría clasifica la restricción Cloud como no verificable desde el ZIP.,REQUIERE CONFIRMACIÓN,Auditoría forense + ZIP auditado
ES,Español,ROLLERBLADES,es/rollerblades/index.html,RSB-003,ALTA,E,Existe una API key de Google Maps en cliente; desde el ZIP no puede verificarse que esté restringida.,Clave de Google Maps visible en el HTML cliente.,Restricciones de Website/dominio y API exacta verificadas en Google Cloud.,Verificar en Google Cloud las restricciones de Website/dominio y de API de la clave usada por esta página; no cambiar el HTML basándose solo en la visibilidad de la clave.,El HTML contiene una clave con prefijo AIza. La auditoría clasifica la restricción Cloud como no verificable desde el ZIP.,REQUIERE CONFIRMACIÓN,Auditoría forense + ZIP auditado
ES,Español,SCOOTER,es/scooter/index.html,RSB-003,ALTA,E,Existe una API key de Google Maps en cliente; desde el ZIP no puede verificarse que esté restringida.,Clave de Google Maps visible en el HTML cliente.,Restricciones de Website/dominio y API exacta verificadas en Google Cloud.,Verificar en Google Cloud las restricciones de Website/dominio y de API de la clave usada por esta página; no cambiar el HTML basándose solo en la visibilidad de la clave.,El HTML contiene una clave con prefijo AIza. La auditoría clasifica la restricción Cloud como no verificable desde el ZIP.,REQUIERE CONFIRMACIÓN,Auditoría forense + ZIP auditado
ES,Español,SKATEBOARD,es/skateboard/index.html,RSB-003,ALTA,E,Existe una API key de Google Maps en cliente; desde el ZIP no puede verificarse que esté restringida.,Clave de Google Maps visible en el HTML cliente.,Restricciones de Website/dominio y API exacta verificadas en Google Cloud.,Verificar en Google Cloud las restricciones de Website/dominio y de API de la clave usada por esta página; no cambiar el HTML basándose solo en la visibilidad de la clave.,El HTML contiene una clave con prefijo AIza. La auditoría clasifica la restricción Cloud como no verificable desde el ZIP.,REQUIERE CONFIRMACIÓN,Auditoría forense + ZIP auditado
FR,Francés,BIKE,fr/bike/index.html,RSB-003,ALTA,E,Existe una API key de Google Maps en cliente; desde el ZIP no puede verificarse que esté restringida.,Clave de Google Maps visible en el HTML cliente.,Restricciones de Website/dominio y API exacta verificadas en Google Cloud.,Verificar en Google Cloud las restricciones de Website/dominio y de API de la clave usada por esta página; no cambiar el HTML basándose solo en la visibilidad de la clave.,El HTML contiene una clave con prefijo AIza. La auditoría clasifica la restricción Cloud como no verificable desde el ZIP.,REQUIERE CONFIRMACIÓN,Auditoría forense + ZIP auditado
FR,Francés,BLOG_50CC_VS_125CC,fr/blog/50cc-vs-125cc-scooter-rental-barcelona/index.html,,,,SIN CORRECCIONES DEMOSTRADAS EXCEPTO IMÁGENES,,,,,SIN ACCIÓN NO-IMAGEN,Auditoría forense
FR,Francés,BLOG_BEGINNER_INLINE,fr/blog/roller-en-ligne-debutants-barcelone/index.html,,,,SIN CORRECCIONES DEMOSTRADAS EXCEPTO IMÁGENES,,,,,SIN ACCIÓN NO-IMAGEN,Auditoría forense
FR,Francés,BLOG_BEST_ROUTES,fr/blog/best-rollerblading-routes-barcelona/index.html,,,,SIN CORRECCIONES DEMOSTRADAS EXCEPTO IMÁGENES,,,,,SIN ACCIÓN NO-IMAGEN,Auditoría forense
FR,Francés,BLOG_BIKE,fr/blog/bike/index.html,RSB-003,ALTA,E,Existe una API key de Google Maps en cliente; desde el ZIP no puede verificarse que esté restringida.,Clave de Google Maps visible en el HTML cliente.,Restricciones de Website/dominio y API exacta verificadas en Google Cloud.,Verificar en Google Cloud las restricciones de Website/dominio y de API de la clave usada por esta página; no cambiar el HTML basándose solo en la visibilidad de la clave.,El HTML contiene una clave con prefijo AIza. La auditoría clasifica la restricción Cloud como no verificable desde el ZIP.,REQUIERE CONFIRMACIÓN,Auditoría forense + ZIP auditado
FR,Francés,BLOG_HOURLY_INLINE_RENTAL,fr/blog/location-rollers-en-ligne-barcelone-heure/index.html,,,,SIN CORRECCIONES DEMOSTRADAS EXCEPTO IMÁGENES,,,,,SIN ACCIÓN NO-IMAGEN,Auditoría forense
FR,Francés,BLOG_INDEX,fr/blog/index.html,,,,SIN CORRECCIONES DEMOSTRADAS EXCEPTO IMÁGENES,,,,,SIN ACCIÓN NO-IMAGEN,Auditoría forense
FR,Francés,BLOG_INLINE_SKATES,fr/blog/inline-skates/index.html,RSB-003,ALTA,E,Existe una API key de Google Maps en cliente; desde el ZIP no puede verificarse que esté restringida.,Clave de Google Maps visible en el HTML cliente.,Restricciones de Website/dominio y API exacta verificadas en Google Cloud.,Verificar en Google Cloud las restricciones de Website/dominio y de API de la clave usada por esta página; no cambiar el HTML basándose solo en la visibilidad de la clave.,El HTML contiene una clave con prefijo AIza. La auditoría clasifica la restricción Cloud como no verificable desde el ZIP.,REQUIERE CONFIRMACIÓN,Auditoría forense + ZIP auditado
FR,Francés,BLOG_LONGBOARD,fr/blog/longboard/index.html,RSB-003,ALTA,E,Existe una API key de Google Maps en cliente; desde el ZIP no puede verificarse que esté restringida.,Clave de Google Maps visible en el HTML cliente.,Restricciones de Website/dominio y API exacta verificadas en Google Cloud.,Verificar en Google Cloud las restricciones de Website/dominio y de API de la clave usada por esta página; no cambiar el HTML basándose solo en la visibilidad de la clave.,El HTML contiene una clave con prefijo AIza. La auditoría clasifica la restricción Cloud como no verificable desde el ZIP.,REQUIERE CONFIRMACIÓN,Auditoría forense + ZIP auditado
FR,Francés,BLOG_ROLLER_SKATES,fr/blog/roller-skates/index.html,RSB-003,ALTA,E,Existe una API key de Google Maps en cliente; desde el ZIP no puede verificarse que esté restringida.,Clave de Google Maps visible en el HTML cliente.,Restricciones de Website/dominio y API exacta verificadas en Google Cloud.,Verificar en Google Cloud las restricciones de Website/dominio y de API de la clave usada por esta página; no cambiar el HTML basándose solo en la visibilidad de la clave.,El HTML contiene una clave con prefijo AIza. La auditoría clasifica la restricción Cloud como no verificable desde el ZIP.,REQUIERE CONFIRMACIÓN,Auditoría forense + ZIP auditado
FR,Francés,BLOG_SCOOTER,fr/blog/scooter/index.html,RSB-003,ALTA,E,Existe una API key de Google Maps en cliente; desde el ZIP no puede verificarse que esté restringida.,Clave de Google Maps visible en el HTML cliente.,Restricciones de Website/dominio y API exacta verificadas en Google Cloud.,Verificar en Google Cloud las restricciones de Website/dominio y de API de la clave usada por esta página; no cambiar el HTML basándose solo en la visibilidad de la clave.,El HTML contiene una clave con prefijo AIza. La auditoría clasifica la restricción Cloud como no verificable desde el ZIP.,REQUIERE CONFIRMACIÓN,Auditoría forense + ZIP auditado
FR,Francés,BLOG_SKATEBOARD,fr/blog/skateboard/index.html,RSB-003,ALTA,E,Existe una API key de Google Maps en cliente; desde el ZIP no puede verificarse que esté restringida.,Clave de Google Maps visible en el HTML cliente.,Restricciones de Website/dominio y API exacta verificadas en Google Cloud.,Verificar en Google Cloud las restricciones de Website/dominio y de API de la clave usada por esta página; no cambiar el HTML basándose solo en la visibilidad de la clave.,El HTML contiene una clave con prefijo AIza. La auditoría clasifica la restricción Cloud como no verificable desde el ZIP.,REQUIERE CONFIRMACIÓN,Auditoría forense + ZIP auditado
FR,Francés,HOME,fr/index.html,RSB-003,ALTA,E,Existe una API key de Google Maps en cliente; desde el ZIP no puede verificarse que esté restringida.,Clave de Google Maps visible en el HTML cliente.,Restricciones de Website/dominio y API exacta verificadas en Google Cloud.,Verificar en Google Cloud las restricciones de Website/dominio y de API de la clave usada por esta página; no cambiar el HTML basándose solo en la visibilidad de la clave.,El HTML contiene una clave con prefijo AIza. La auditoría clasifica la restricción Cloud como no verificable desde el ZIP.,REQUIERE CONFIRMACIÓN,Auditoría forense + ZIP auditado
FR,Francés,LOCATION_CONTACT,fr/location-contact/index.html,RSB-003,ALTA,E,Existe una API key de Google Maps en cliente; desde el ZIP no puede verificarse que esté restringida.,Clave de Google Maps visible en el HTML cliente.,Restricciones de Website/dominio y API exacta verificadas en Google Cloud.,Verificar en Google Cloud las restricciones de Website/dominio y de API de la clave usada por esta página; no cambiar el HTML basándose solo en la visibilidad de la clave.,El HTML contiene una clave con prefijo AIza. La auditoría clasifica la restricción Cloud como no verificable desde el ZIP.,REQUIERE CONFIRMACIÓN,Auditoría forense + ZIP auditado
FR,Francés,LONGBOARD,fr/longboard/index.html,RSB-003,ALTA,E,Existe una API key de Google Maps en cliente; desde el ZIP no puede verificarse que esté restringida.,Clave de Google Maps visible en el HTML cliente.,Restricciones de Website/dominio y API exacta verificadas en Google Cloud.,Verificar en Google Cloud las restricciones de Website/dominio y de API de la clave usada por esta página; no cambiar el HTML basándose solo en la visibilidad de la clave.,El HTML contiene una clave con prefijo AIza. La auditoría clasifica la restricción Cloud como no verificable desde el ZIP.,REQUIERE CONFIRMACIÓN,Auditoría forense + ZIP auditado
FR,Francés,PRICES,fr/Prices/index.html,RSB-003,ALTA,E,Existe una API key de Google Maps en cliente; desde el ZIP no puede verificarse que esté restringida.,Clave de Google Maps visible en el HTML cliente.,Restricciones de Website/dominio y API exacta verificadas en Google Cloud.,Verificar en Google Cloud las restricciones de Website/dominio y de API de la clave usada por esta página; no cambiar el HTML basándose solo en la visibilidad de la clave.,El HTML contiene una clave con prefijo AIza. La auditoría clasifica la restricción Cloud como no verificable desde el ZIP.,REQUIERE CONFIRMACIÓN,Auditoría forense + ZIP auditado
FR,Francés,QUADS,fr/quads/index.html,RSB-003,ALTA,E,Existe una API key de Google Maps en cliente; desde el ZIP no puede verificarse que esté restringida.,Clave de Google Maps visible en el HTML cliente.,Restricciones de Website/dominio y API exacta verificadas en Google Cloud.,Verificar en Google Cloud las restricciones de Website/dominio y de API de la clave usada por esta página; no cambiar el HTML basándose solo en la visibilidad de la clave.,El HTML contiene una clave con prefijo AIza. La auditoría clasifica la restricción Cloud como no verificable desde el ZIP.,REQUIERE CONFIRMACIÓN,Auditoría forense + ZIP auditado
FR,Francés,ROLLERBLADES,fr/rollerblades/index.html,RSB-003,ALTA,E,Existe una API key de Google Maps en cliente; desde el ZIP no puede verificarse que esté restringida.,Clave de Google Maps visible en el HTML cliente.,Restricciones de Website/dominio y API exacta verificadas en Google Cloud.,Verificar en Google Cloud las restricciones de Website/dominio y de API de la clave usada por esta página; no cambiar el HTML basándose solo en la visibilidad de la clave.,El HTML contiene una clave con prefijo AIza. La auditoría clasifica la restricción Cloud como no verificable desde el ZIP.,REQUIERE CONFIRMACIÓN,Auditoría forense + ZIP auditado
FR,Francés,SCOOTER,fr/scooter/index.html,RSB-003,ALTA,E,Existe una API key de Google Maps en cliente; desde el ZIP no puede verificarse que esté restringida.,Clave de Google Maps visible en el HTML cliente.,Restricciones de Website/dominio y API exacta verificadas en Google Cloud.,Verificar en Google Cloud las restricciones de Website/dominio y de API de la clave usada por esta página; no cambiar el HTML basándose solo en la visibilidad de la clave.,El HTML contiene una clave con prefijo AIza. La auditoría clasifica la restricción Cloud como no verificable desde el ZIP.,REQUIERE CONFIRMACIÓN,Auditoría forense + ZIP auditado
FR,Francés,SKATEBOARD,fr/skateboard/index.html,RSB-003,ALTA,E,Existe una API key de Google Maps en cliente; desde el ZIP no puede verificarse que esté restringida.,Clave de Google Maps visible en el HTML cliente.,Restricciones de Website/dominio y API exacta verificadas en Google Cloud.,Verificar en Google Cloud las restricciones de Website/dominio y de API de la clave usada por esta página; no cambiar el HTML basándose solo en la visibilidad de la clave.,El HTML contiene una clave con prefijo AIza. La auditoría clasifica la restricción Cloud como no verificable desde el ZIP.,REQUIERE CONFIRMACIÓN,Auditoría forense + ZIP auditado
IT,Italiano,BIKE,it/bike/index.html,RSB-003,ALTA,E,Existe una API key de Google Maps en cliente; desde el ZIP no puede verificarse que esté restringida.,Clave de Google Maps visible en el HTML cliente.,Restricciones de Website/dominio y API exacta verificadas en Google Cloud.,Verificar en Google Cloud las restricciones de Website/dominio y de API de la clave usada por esta página; no cambiar el HTML basándose solo en la visibilidad de la clave.,El HTML contiene una clave con prefijo AIza. La auditoría clasifica la restricción Cloud como no verificable desde el ZIP.,REQUIERE CONFIRMACIÓN,Auditoría forense + ZIP auditado
IT,Italiano,BLOG_50CC_VS_125CC,it/blog/50cc-vs-125cc-scooter-rental-barcelona/index.html,,,,SIN CORRECCIONES DEMOSTRADAS EXCEPTO IMÁGENES,,,,,SIN ACCIÓN NO-IMAGEN,Auditoría forense
IT,Italiano,BLOG_BEGINNER_INLINE,it/blog/pattinaggio-inline-principianti-barcellona/index.html,,,,SIN CORRECCIONES DEMOSTRADAS EXCEPTO IMÁGENES,,,,,SIN ACCIÓN NO-IMAGEN,Auditoría forense
IT,Italiano,BLOG_BEST_ROUTES,it/blog/best-rollerblading-routes-barcelona/index.html,,,,SIN CORRECCIONES DEMOSTRADAS EXCEPTO IMÁGENES,,,,,SIN ACCIÓN NO-IMAGEN,Auditoría forense
IT,Italiano,BLOG_BIKE,it/blog/bike/index.html,RSB-003,ALTA,E,Existe una API key de Google Maps en cliente; desde el ZIP no puede verificarse que esté restringida.,Clave de Google Maps visible en el HTML cliente.,Restricciones de Website/dominio y API exacta verificadas en Google Cloud.,Verificar en Google Cloud las restricciones de Website/dominio y de API de la clave usada por esta página; no cambiar el HTML basándose solo en la visibilidad de la clave.,El HTML contiene una clave con prefijo AIza. La auditoría clasifica la restricción Cloud como no verificable desde el ZIP.,REQUIERE CONFIRMACIÓN,Auditoría forense + ZIP auditado
IT,Italiano,BLOG_HOURLY_INLINE_RENTAL,it/blog/noleggio-pattini-linea-barcellona-a-ore/index.html,,,,SIN CORRECCIONES DEMOSTRADAS EXCEPTO IMÁGENES,,,,,SIN ACCIÓN NO-IMAGEN,Auditoría forense
IT,Italiano,BLOG_INDEX,it/blog/index.html,,,,SIN CORRECCIONES DEMOSTRADAS EXCEPTO IMÁGENES,,,,,SIN ACCIÓN NO-IMAGEN,Auditoría forense
IT,Italiano,BLOG_INLINE_SKATES,it/blog/inline-skates/index.html,RSB-003,ALTA,E,Existe una API key de Google Maps en cliente; desde el ZIP no puede verificarse que esté restringida.,Clave de Google Maps visible en el HTML cliente.,Restricciones de Website/dominio y API exacta verificadas en Google Cloud.,Verificar en Google Cloud las restricciones de Website/dominio y de API de la clave usada por esta página; no cambiar el HTML basándose solo en la visibilidad de la clave.,El HTML contiene una clave con prefijo AIza. La auditoría clasifica la restricción Cloud como no verificable desde el ZIP.,REQUIERE CONFIRMACIÓN,Auditoría forense + ZIP auditado
IT,Italiano,BLOG_LONGBOARD,it/blog/longboard/index.html,RSB-003,ALTA,E,Existe una API key de Google Maps en cliente; desde el ZIP no puede verificarse que esté restringida.,Clave de Google Maps visible en el HTML cliente.,Restricciones de Website/dominio y API exacta verificadas en Google Cloud.,Verificar en Google Cloud las restricciones de Website/dominio y de API de la clave usada por esta página; no cambiar el HTML basándose solo en la visibilidad de la clave.,El HTML contiene una clave con prefijo AIza. La auditoría clasifica la restricción Cloud como no verificable desde el ZIP.,REQUIERE CONFIRMACIÓN,Auditoría forense + ZIP auditado
IT,Italiano,BLOG_ROLLER_SKATES,it/blog/roller-skates/index.html,RSB-003,ALTA,E,Existe una API key de Google Maps en cliente; desde el ZIP no puede verificarse que esté restringida.,Clave de Google Maps visible en el HTML cliente.,Restricciones de Website/dominio y API exacta verificadas en Google Cloud.,Verificar en Google Cloud las restricciones de Website/dominio y de API de la clave usada por esta página; no cambiar el HTML basándose solo en la visibilidad de la clave.,El HTML contiene una clave con prefijo AIza. La auditoría clasifica la restricción Cloud como no verificable desde el ZIP.,REQUIERE CONFIRMACIÓN,Auditoría forense + ZIP auditado
IT,Italiano,BLOG_SCOOTER,it/blog/scooter/index.html,RSB-003,ALTA,E,Existe una API key de Google Maps en cliente; desde el ZIP no puede verificarse que esté restringida.,Clave de Google Maps visible en el HTML cliente.,Restricciones de Website/dominio y API exacta verificadas en Google Cloud.,Verificar en Google Cloud las restricciones de Website/dominio y de API de la clave usada por esta página; no cambiar el HTML basándose solo en la visibilidad de la clave.,El HTML contiene una clave con prefijo AIza. La auditoría clasifica la restricción Cloud como no verificable desde el ZIP.,REQUIERE CONFIRMACIÓN,Auditoría forense + ZIP auditado
IT,Italiano,BLOG_SKATEBOARD,it/blog/skateboard/index.html,RSB-003,ALTA,E,Existe una API key de Google Maps en cliente; desde el ZIP no puede verificarse que esté restringida.,Clave de Google Maps visible en el HTML cliente.,Restricciones de Website/dominio y API exacta verificadas en Google Cloud.,Verificar en Google Cloud las restricciones de Website/dominio y de API de la clave usada por esta página; no cambiar el HTML basándose solo en la visibilidad de la clave.,El HTML contiene una clave con prefijo AIza. La auditoría clasifica la restricción Cloud como no verificable desde el ZIP.,REQUIERE CONFIRMACIÓN,Auditoría forense + ZIP auditado
IT,Italiano,HOME,it/index.html,RSB-003,ALTA,E,Existe una API key de Google Maps en cliente; desde el ZIP no puede verificarse que esté restringida.,Clave de Google Maps visible en el HTML cliente.,Restricciones de Website/dominio y API exacta verificadas en Google Cloud.,Verificar en Google Cloud las restricciones de Website/dominio y de API de la clave usada por esta página; no cambiar el HTML basándose solo en la visibilidad de la clave.,El HTML contiene una clave con prefijo AIza. La auditoría clasifica la restricción Cloud como no verificable desde el ZIP.,REQUIERE CONFIRMACIÓN,Auditoría forense + ZIP auditado
IT,Italiano,LOCATION_CONTACT,it/location-contact/index.html,RSB-003,ALTA,E,Existe una API key de Google Maps en cliente; desde el ZIP no puede verificarse que esté restringida.,Clave de Google Maps visible en el HTML cliente.,Restricciones de Website/dominio y API exacta verificadas en Google Cloud.,Verificar en Google Cloud las restricciones de Website/dominio y de API de la clave usada por esta página; no cambiar el HTML basándose solo en la visibilidad de la clave.,El HTML contiene una clave con prefijo AIza. La auditoría clasifica la restricción Cloud como no verificable desde el ZIP.,REQUIERE CONFIRMACIÓN,Auditoría forense + ZIP auditado
IT,Italiano,LONGBOARD,it/longboard/index.html,RSB-003,ALTA,E,Existe una API key de Google Maps en cliente; desde el ZIP no puede verificarse que esté restringida.,Clave de Google Maps visible en el HTML cliente.,Restricciones de Website/dominio y API exacta verificadas en Google Cloud.,Verificar en Google Cloud las restricciones de Website/dominio y de API de la clave usada por esta página; no cambiar el HTML basándose solo en la visibilidad de la clave.,El HTML contiene una clave con prefijo AIza. La auditoría clasifica la restricción Cloud como no verificable desde el ZIP.,REQUIERE CONFIRMACIÓN,Auditoría forense + ZIP auditado
IT,Italiano,PRICES,it/Prices/index.html,RSB-003,ALTA,E,Existe una API key de Google Maps en cliente; desde el ZIP no puede verificarse que esté restringida.,Clave de Google Maps visible en el HTML cliente.,Restricciones de Website/dominio y API exacta verificadas en Google Cloud.,Verificar en Google Cloud las restricciones de Website/dominio y de API de la clave usada por esta página; no cambiar el HTML basándose solo en la visibilidad de la clave.,El HTML contiene una clave con prefijo AIza. La auditoría clasifica la restricción Cloud como no verificable desde el ZIP.,REQUIERE CONFIRMACIÓN,Auditoría forense + ZIP auditado
IT,Italiano,QUADS,it/quads/index.html,RSB-003,ALTA,E,Existe una API key de Google Maps en cliente; desde el ZIP no puede verificarse que esté restringida.,Clave de Google Maps visible en el HTML cliente.,Restricciones de Website/dominio y API exacta verificadas en Google Cloud.,Verificar en Google Cloud las restricciones de Website/dominio y de API de la clave usada por esta página; no cambiar el HTML basándose solo en la visibilidad de la clave.,El HTML contiene una clave con prefijo AIza. La auditoría clasifica la restricción Cloud como no verificable desde el ZIP.,REQUIERE CONFIRMACIÓN,Auditoría forense + ZIP auditado
IT,Italiano,ROLLERBLADES,it/rollerblades/index.html,RSB-003,ALTA,E,Existe una API key de Google Maps en cliente; desde el ZIP no puede verificarse que esté restringida.,Clave de Google Maps visible en el HTML cliente.,Restricciones de Website/dominio y API exacta verificadas en Google Cloud.,Verificar en Google Cloud las restricciones de Website/dominio y de API de la clave usada por esta página; no cambiar el HTML basándose solo en la visibilidad de la clave.,El HTML contiene una clave con prefijo AIza. La auditoría clasifica la restricción Cloud como no verificable desde el ZIP.,REQUIERE CONFIRMACIÓN,Auditoría forense + ZIP auditado
IT,Italiano,SCOOTER,it/scooter/index.html,RSB-003,ALTA,E,Existe una API key de Google Maps en cliente; desde el ZIP no puede verificarse que esté restringida.,Clave de Google Maps visible en el HTML cliente.,Restricciones de Website/dominio y API exacta verificadas en Google Cloud.,Verificar en Google Cloud las restricciones de Website/dominio y de API de la clave usada por esta página; no cambiar el HTML basándose solo en la visibilidad de la clave.,El HTML contiene una clave con prefijo AIza. La auditoría clasifica la restricción Cloud como no verificable desde el ZIP.,REQUIERE CONFIRMACIÓN,Auditoría forense + ZIP auditado
IT,Italiano,SKATEBOARD,it/skateboard/index.html,RSB-003,ALTA,E,Existe una API key de Google Maps en cliente; desde el ZIP no puede verificarse que esté restringida.,Clave de Google Maps visible en el HTML cliente.,Restricciones de Website/dominio y API exacta verificadas en Google Cloud.,Verificar en Google Cloud las restricciones de Website/dominio y de API de la clave usada por esta página; no cambiar el HTML basándose solo en la visibilidad de la clave.,El HTML contiene una clave con prefijo AIza. La auditoría clasifica la restricción Cloud como no verificable desde el ZIP.,REQUIERE CONFIRMACIÓN,Auditoría forense + ZIP auditado
DE,Alemán,BIKE,de/bike/index.html,RSB-003,ALTA,E,Existe una API key de Google Maps en cliente; desde el ZIP no puede verificarse que esté restringida.,Clave de Google Maps visible en el HTML cliente.,Restricciones de Website/dominio y API exacta verificadas en Google Cloud.,Verificar en Google Cloud las restricciones de Website/dominio y de API de la clave usada por esta página; no cambiar el HTML basándose solo en la visibilidad de la clave.,El HTML contiene una clave con prefijo AIza. La auditoría clasifica la restricción Cloud como no verificable desde el ZIP.,REQUIERE CONFIRMACIÓN,Auditoría forense + ZIP auditado
DE,Alemán,BLOG_50CC_VS_125CC,de/blog/50cc-vs-125cc-scooter-rental-barcelona/index.html,,,,SIN CORRECCIONES DEMOSTRADAS EXCEPTO IMÁGENES,,,,,SIN ACCIÓN NO-IMAGEN,Auditoría forense
DE,Alemán,BLOG_BEGINNER_INLINE,de/blog/inlineskaten-barcelona-anfaenger/index.html,,,,SIN CORRECCIONES DEMOSTRADAS EXCEPTO IMÁGENES,,,,,SIN ACCIÓN NO-IMAGEN,Auditoría forense
DE,Alemán,BLOG_BEST_ROUTES,de/blog/best-rollerblading-routes-barcelona/index.html,,,,SIN CORRECCIONES DEMOSTRADAS EXCEPTO IMÁGENES,,,,,SIN ACCIÓN NO-IMAGEN,Auditoría forense
DE,Alemán,BLOG_BIKE,de/blog/bike/index.html,RSB-003,ALTA,E,Existe una API key de Google Maps en cliente; desde el ZIP no puede verificarse que esté restringida.,Clave de Google Maps visible en el HTML cliente.,Restricciones de Website/dominio y API exacta verificadas en Google Cloud.,Verificar en Google Cloud las restricciones de Website/dominio y de API de la clave usada por esta página; no cambiar el HTML basándose solo en la visibilidad de la clave.,El HTML contiene una clave con prefijo AIza. La auditoría clasifica la restricción Cloud como no verificable desde el ZIP.,REQUIERE CONFIRMACIÓN,Auditoría forense + ZIP auditado
DE,Alemán,BLOG_HOURLY_INLINE_RENTAL,de/blog/inlineskates-stundenweise-mieten-barcelona/index.html,,,,SIN CORRECCIONES DEMOSTRADAS EXCEPTO IMÁGENES,,,,,SIN ACCIÓN NO-IMAGEN,Auditoría forense
DE,Alemán,BLOG_INDEX,de/blog/index.html,,,,SIN CORRECCIONES DEMOSTRADAS EXCEPTO IMÁGENES,,,,,SIN ACCIÓN NO-IMAGEN,Auditoría forense
DE,Alemán,BLOG_INLINE_SKATES,de/blog/inline-skates/index.html,RSB-003,ALTA,E,Existe una API key de Google Maps en cliente; desde el ZIP no puede verificarse que esté restringida.,Clave de Google Maps visible en el HTML cliente.,Restricciones de Website/dominio y API exacta verificadas en Google Cloud.,Verificar en Google Cloud las restricciones de Website/dominio y de API de la clave usada por esta página; no cambiar el HTML basándose solo en la visibilidad de la clave.,El HTML contiene una clave con prefijo AIza. La auditoría clasifica la restricción Cloud como no verificable desde el ZIP.,REQUIERE CONFIRMACIÓN,Auditoría forense + ZIP auditado
DE,Alemán,BLOG_LONGBOARD,de/blog/longboard/index.html,RSB-003,ALTA,E,Existe una API key de Google Maps en cliente; desde el ZIP no puede verificarse que esté restringida.,Clave de Google Maps visible en el HTML cliente.,Restricciones de Website/dominio y API exacta verificadas en Google Cloud.,Verificar en Google Cloud las restricciones de Website/dominio y de API de la clave usada por esta página; no cambiar el HTML basándose solo en la visibilidad de la clave.,El HTML contiene una clave con prefijo AIza. La auditoría clasifica la restricción Cloud como no verificable desde el ZIP.,REQUIERE CONFIRMACIÓN,Auditoría forense + ZIP auditado
DE,Alemán,BLOG_ROLLER_SKATES,de/blog/roller-skates/index.html,RSB-003,ALTA,E,Existe una API key de Google Maps en cliente; desde el ZIP no puede verificarse que esté restringida.,Clave de Google Maps visible en el HTML cliente.,Restricciones de Website/dominio y API exacta verificadas en Google Cloud.,Verificar en Google Cloud las restricciones de Website/dominio y de API de la clave usada por esta página; no cambiar el HTML basándose solo en la visibilidad de la clave.,El HTML contiene una clave con prefijo AIza. La auditoría clasifica la restricción Cloud como no verificable desde el ZIP.,REQUIERE CONFIRMACIÓN,Auditoría forense + ZIP auditado
DE,Alemán,BLOG_SCOOTER,de/blog/scooter/index.html,RSB-003,ALTA,E,Existe una API key de Google Maps en cliente; desde el ZIP no puede verificarse que esté restringida.,Clave de Google Maps visible en el HTML cliente.,Restricciones de Website/dominio y API exacta verificadas en Google Cloud.,Verificar en Google Cloud las restricciones de Website/dominio y de API de la clave usada por esta página; no cambiar el HTML basándose solo en la visibilidad de la clave.,El HTML contiene una clave con prefijo AIza. La auditoría clasifica la restricción Cloud como no verificable desde el ZIP.,REQUIERE CONFIRMACIÓN,Auditoría forense + ZIP auditado
DE,Alemán,BLOG_SKATEBOARD,de/blog/skateboard/index.html,RSB-003,ALTA,E,Existe una API key de Google Maps en cliente; desde el ZIP no puede verificarse que esté restringida.,Clave de Google Maps visible en el HTML cliente.,Restricciones de Website/dominio y API exacta verificadas en Google Cloud.,Verificar en Google Cloud las restricciones de Website/dominio y de API de la clave usada por esta página; no cambiar el HTML basándose solo en la visibilidad de la clave.,El HTML contiene una clave con prefijo AIza. La auditoría clasifica la restricción Cloud como no verificable desde el ZIP.,REQUIERE CONFIRMACIÓN,Auditoría forense + ZIP auditado
DE,Alemán,HOME,de/index.html,RSB-003,ALTA,E,Existe una API key de Google Maps en cliente; desde el ZIP no puede verificarse que esté restringida.,Clave de Google Maps visible en el HTML cliente.,Restricciones de Website/dominio y API exacta verificadas en Google Cloud.,Verificar en Google Cloud las restricciones de Website/dominio y de API de la clave usada por esta página; no cambiar el HTML basándose solo en la visibilidad de la clave.,El HTML contiene una clave con prefijo AIza. La auditoría clasifica la restricción Cloud como no verificable desde el ZIP.,REQUIERE CONFIRMACIÓN,Auditoría forense + ZIP auditado
DE,Alemán,LOCATION_CONTACT,de/location-contact/index.html,RSB-003,ALTA,E,Existe una API key de Google Maps en cliente; desde el ZIP no puede verificarse que esté restringida.,Clave de Google Maps visible en el HTML cliente.,Restricciones de Website/dominio y API exacta verificadas en Google Cloud.,Verificar en Google Cloud las restricciones de Website/dominio y de API de la clave usada por esta página; no cambiar el HTML basándose solo en la visibilidad de la clave.,El HTML contiene una clave con prefijo AIza. La auditoría clasifica la restricción Cloud como no verificable desde el ZIP.,REQUIERE CONFIRMACIÓN,Auditoría forense + ZIP auditado
DE,Alemán,LONGBOARD,de/longboard/index.html,RSB-003,ALTA,E,Existe una API key de Google Maps en cliente; desde el ZIP no puede verificarse que esté restringida.,Clave de Google Maps visible en el HTML cliente.,Restricciones de Website/dominio y API exacta verificadas en Google Cloud.,Verificar en Google Cloud las restricciones de Website/dominio y de API de la clave usada por esta página; no cambiar el HTML basándose solo en la visibilidad de la clave.,El HTML contiene una clave con prefijo AIza. La auditoría clasifica la restricción Cloud como no verificable desde el ZIP.,REQUIERE CONFIRMACIÓN,Auditoría forense + ZIP auditado
DE,Alemán,PRICES,de/Prices/index.html,RSB-003,ALTA,E,Existe una API key de Google Maps en cliente; desde el ZIP no puede verificarse que esté restringida.,Clave de Google Maps visible en el HTML cliente.,Restricciones de Website/dominio y API exacta verificadas en Google Cloud.,Verificar en Google Cloud las restricciones de Website/dominio y de API de la clave usada por esta página; no cambiar el HTML basándose solo en la visibilidad de la clave.,El HTML contiene una clave con prefijo AIza. La auditoría clasifica la restricción Cloud como no verificable desde el ZIP.,REQUIERE CONFIRMACIÓN,Auditoría forense + ZIP auditado
DE,Alemán,QUADS,de/quads/index.html,RSB-003,ALTA,E,Existe una API key de Google Maps en cliente; desde el ZIP no puede verificarse que esté restringida.,Clave de Google Maps visible en el HTML cliente.,Restricciones de Website/dominio y API exacta verificadas en Google Cloud.,Verificar en Google Cloud las restricciones de Website/dominio y de API de la clave usada por esta página; no cambiar el HTML basándose solo en la visibilidad de la clave.,El HTML contiene una clave con prefijo AIza. La auditoría clasifica la restricción Cloud como no verificable desde el ZIP.,REQUIERE CONFIRMACIÓN,Auditoría forense + ZIP auditado
DE,Alemán,ROLLERBLADES,de/rollerblades/index.html,RSB-003,ALTA,E,Existe una API key de Google Maps en cliente; desde el ZIP no puede verificarse que esté restringida.,Clave de Google Maps visible en el HTML cliente.,Restricciones de Website/dominio y API exacta verificadas en Google Cloud.,Verificar en Google Cloud las restricciones de Website/dominio y de API de la clave usada por esta página; no cambiar el HTML basándose solo en la visibilidad de la clave.,El HTML contiene una clave con prefijo AIza. La auditoría clasifica la restricción Cloud como no verificable desde el ZIP.,REQUIERE CONFIRMACIÓN,Auditoría forense + ZIP auditado
DE,Alemán,SCOOTER,de/scooter/index.html,RSB-003,ALTA,E,Existe una API key de Google Maps en cliente; desde el ZIP no puede verificarse que esté restringida.,Clave de Google Maps visible en el HTML cliente.,Restricciones de Website/dominio y API exacta verificadas en Google Cloud.,Verificar en Google Cloud las restricciones de Website/dominio y de API de la clave usada por esta página; no cambiar el HTML basándose solo en la visibilidad de la clave.,El HTML contiene una clave con prefijo AIza. La auditoría clasifica la restricción Cloud como no verificable desde el ZIP.,REQUIERE CONFIRMACIÓN,Auditoría forense + ZIP auditado
DE,Alemán,SKATEBOARD,de/skateboard/index.html,RSB-003,ALTA,E,Existe una API key de Google Maps en cliente; desde el ZIP no puede verificarse que esté restringida.,Clave de Google Maps visible en el HTML cliente.,Restricciones de Website/dominio y API exacta verificadas en Google Cloud.,Verificar en Google Cloud las restricciones de Website/dominio y de API de la clave usada por esta página; no cambiar el HTML basándose solo en la visibilidad de la clave.,El HTML contiene una clave con prefijo AIza. La auditoría clasifica la restricción Cloud como no verificable desde el ZIP.,REQUIERE CONFIRMACIÓN,Auditoría forense + ZIP auditado
NL,Neerlandés,BIKE,nl/bike/index.html,RSB-003,ALTA,E,Existe una API key de Google Maps en cliente; desde el ZIP no puede verificarse que esté restringida.,Clave de Google Maps visible en el HTML cliente.,Restricciones de Website/dominio y API exacta verificadas en Google Cloud.,Verificar en Google Cloud las restricciones de Website/dominio y de API de la clave usada por esta página; no cambiar el HTML basándose solo en la visibilidad de la clave.,El HTML contiene una clave con prefijo AIza. La auditoría clasifica la restricción Cloud como no verificable desde el ZIP.,REQUIERE CONFIRMACIÓN,Auditoría forense + ZIP auditado
NL,Neerlandés,BLOG_50CC_VS_125CC,nl/blog/50cc-vs-125cc-scooter-rental-barcelona/index.html,,,,SIN CORRECCIONES DEMOSTRADAS EXCEPTO IMÁGENES,,,,,SIN ACCIÓN NO-IMAGEN,Auditoría forense
NL,Neerlandés,BLOG_BEGINNER_INLINE,nl/blog/inline-skaten-barcelona-beginners/index.html,,,,SIN CORRECCIONES DEMOSTRADAS EXCEPTO IMÁGENES,,,,,SIN ACCIÓN NO-IMAGEN,Auditoría forense
NL,Neerlandés,BLOG_BEST_ROUTES,nl/blog/best-rollerblading-routes-barcelona/index.html,,,,SIN CORRECCIONES DEMOSTRADAS EXCEPTO IMÁGENES,,,,,SIN ACCIÓN NO-IMAGEN,Auditoría forense
NL,Neerlandés,BLOG_BIKE,nl/blog/bike/index.html,RSB-003,ALTA,E,Existe una API key de Google Maps en cliente; desde el ZIP no puede verificarse que esté restringida.,Clave de Google Maps visible en el HTML cliente.,Restricciones de Website/dominio y API exacta verificadas en Google Cloud.,Verificar en Google Cloud las restricciones de Website/dominio y de API de la clave usada por esta página; no cambiar el HTML basándose solo en la visibilidad de la clave.,El HTML contiene una clave con prefijo AIza. La auditoría clasifica la restricción Cloud como no verificable desde el ZIP.,REQUIERE CONFIRMACIÓN,Auditoría forense + ZIP auditado
NL,Neerlandés,BLOG_HOURLY_INLINE_RENTAL,nl/blog/inline-skates-huren-barcelona-per-uur/index.html,,,,SIN CORRECCIONES DEMOSTRADAS EXCEPTO IMÁGENES,,,,,SIN ACCIÓN NO-IMAGEN,Auditoría forense
NL,Neerlandés,BLOG_INDEX,nl/blog/index.html,,,,SIN CORRECCIONES DEMOSTRADAS EXCEPTO IMÁGENES,,,,,SIN ACCIÓN NO-IMAGEN,Auditoría forense
NL,Neerlandés,BLOG_INLINE_SKATES,nl/blog/inline-skates/index.html,RSB-003,ALTA,E,Existe una API key de Google Maps en cliente; desde el ZIP no puede verificarse que esté restringida.,Clave de Google Maps visible en el HTML cliente.,Restricciones de Website/dominio y API exacta verificadas en Google Cloud.,Verificar en Google Cloud las restricciones de Website/dominio y de API de la clave usada por esta página; no cambiar el HTML basándose solo en la visibilidad de la clave.,El HTML contiene una clave con prefijo AIza. La auditoría clasifica la restricción Cloud como no verificable desde el ZIP.,REQUIERE CONFIRMACIÓN,Auditoría forense + ZIP auditado
NL,Neerlandés,BLOG_LONGBOARD,nl/blog/longboard/index.html,RSB-003,ALTA,E,Existe una API key de Google Maps en cliente; desde el ZIP no puede verificarse que esté restringida.,Clave de Google Maps visible en el HTML cliente.,Restricciones de Website/dominio y API exacta verificadas en Google Cloud.,Verificar en Google Cloud las restricciones de Website/dominio y de API de la clave usada por esta página; no cambiar el HTML basándose solo en la visibilidad de la clave.,El HTML contiene una clave con prefijo AIza. La auditoría clasifica la restricción Cloud como no verificable desde el ZIP.,REQUIERE CONFIRMACIÓN,Auditoría forense + ZIP auditado
NL,Neerlandés,BLOG_ROLLER_SKATES,nl/blog/roller-skates/index.html,RSB-003,ALTA,E,Existe una API key de Google Maps en cliente; desde el ZIP no puede verificarse que esté restringida.,Clave de Google Maps visible en el HTML cliente.,Restricciones de Website/dominio y API exacta verificadas en Google Cloud.,Verificar en Google Cloud las restricciones de Website/dominio y de API de la clave usada por esta página; no cambiar el HTML basándose solo en la visibilidad de la clave.,El HTML contiene una clave con prefijo AIza. La auditoría clasifica la restricción Cloud como no verificable desde el ZIP.,REQUIERE CONFIRMACIÓN,Auditoría forense + ZIP auditado
NL,Neerlandés,BLOG_SCOOTER,nl/blog/scooter/index.html,RSB-003,ALTA,E,Existe una API key de Google Maps en cliente; desde el ZIP no puede verificarse que esté restringida.,Clave de Google Maps visible en el HTML cliente.,Restricciones de Website/dominio y API exacta verificadas en Google Cloud.,Verificar en Google Cloud las restricciones de Website/dominio y de API de la clave usada por esta página; no cambiar el HTML basándose solo en la visibilidad de la clave.,El HTML contiene una clave con prefijo AIza. La auditoría clasifica la restricción Cloud como no verificable desde el ZIP.,REQUIERE CONFIRMACIÓN,Auditoría forense + ZIP auditado
NL,Neerlandés,BLOG_SKATEBOARD,nl/blog/skateboard/index.html,RSB-003,ALTA,E,Existe una API key de Google Maps en cliente; desde el ZIP no puede verificarse que esté restringida.,Clave de Google Maps visible en el HTML cliente.,Restricciones de Website/dominio y API exacta verificadas en Google Cloud.,Verificar en Google Cloud las restricciones de Website/dominio y de API de la clave usada por esta página; no cambiar el HTML basándose solo en la visibilidad de la clave.,El HTML contiene una clave con prefijo AIza. La auditoría clasifica la restricción Cloud como no verificable desde el ZIP.,REQUIERE CONFIRMACIÓN,Auditoría forense + ZIP auditado
NL,Neerlandés,HOME,nl/index.html,RSB-003,ALTA,E,Existe una API key de Google Maps en cliente; desde el ZIP no puede verificarse que esté restringida.,Clave de Google Maps visible en el HTML cliente.,Restricciones de Website/dominio y API exacta verificadas en Google Cloud.,Verificar en Google Cloud las restricciones de Website/dominio y de API de la clave usada por esta página; no cambiar el HTML basándose solo en la visibilidad de la clave.,El HTML contiene una clave con prefijo AIza. La auditoría clasifica la restricción Cloud como no verificable desde el ZIP.,REQUIERE CONFIRMACIÓN,Auditoría forense + ZIP auditado
NL,Neerlandés,LOCATION_CONTACT,nl/location-contact/index.html,RSB-003,ALTA,E,Existe una API key de Google Maps en cliente; desde el ZIP no puede verificarse que esté restringida.,Clave de Google Maps visible en el HTML cliente.,Restricciones de Website/dominio y API exacta verificadas en Google Cloud.,Verificar en Google Cloud las restricciones de Website/dominio y de API de la clave usada por esta página; no cambiar el HTML basándose solo en la visibilidad de la clave.,El HTML contiene una clave con prefijo AIza. La auditoría clasifica la restricción Cloud como no verificable desde el ZIP.,REQUIERE CONFIRMACIÓN,Auditoría forense + ZIP auditado
NL,Neerlandés,LONGBOARD,nl/longboard/index.html,RSB-003,ALTA,E,Existe una API key de Google Maps en cliente; desde el ZIP no puede verificarse que esté restringida.,Clave de Google Maps visible en el HTML cliente.,Restricciones de Website/dominio y API exacta verificadas en Google Cloud.,Verificar en Google Cloud las restricciones de Website/dominio y de API de la clave usada por esta página; no cambiar el HTML basándose solo en la visibilidad de la clave.,El HTML contiene una clave con prefijo AIza. La auditoría clasifica la restricción Cloud como no verificable desde el ZIP.,REQUIERE CONFIRMACIÓN,Auditoría forense + ZIP auditado
NL,Neerlandés,PRICES,nl/Prices/index.html,RSB-003,ALTA,E,Existe una API key de Google Maps en cliente; desde el ZIP no puede verificarse que esté restringida.,Clave de Google Maps visible en el HTML cliente.,Restricciones de Website/dominio y API exacta verificadas en Google Cloud.,Verificar en Google Cloud las restricciones de Website/dominio y de API de la clave usada por esta página; no cambiar el HTML basándose solo en la visibilidad de la clave.,El HTML contiene una clave con prefijo AIza. La auditoría clasifica la restricción Cloud como no verificable desde el ZIP.,REQUIERE CONFIRMACIÓN,Auditoría forense + ZIP auditado
NL,Neerlandés,QUADS,nl/quads/index.html,RSB-003,ALTA,E,Existe una API key de Google Maps en cliente; desde el ZIP no puede verificarse que esté restringida.,Clave de Google Maps visible en el HTML cliente.,Restricciones de Website/dominio y API exacta verificadas en Google Cloud.,Verificar en Google Cloud las restricciones de Website/dominio y de API de la clave usada por esta página; no cambiar el HTML basándose solo en la visibilidad de la clave.,El HTML contiene una clave con prefijo AIza. La auditoría clasifica la restricción Cloud como no verificable desde el ZIP.,REQUIERE CONFIRMACIÓN,Auditoría forense + ZIP auditado
NL,Neerlandés,ROLLERBLADES,nl/rollerblades/index.html,RSB-003,ALTA,E,Existe una API key de Google Maps en cliente; desde el ZIP no puede verificarse que esté restringida.,Clave de Google Maps visible en el HTML cliente.,Restricciones de Website/dominio y API exacta verificadas en Google Cloud.,Verificar en Google Cloud las restricciones de Website/dominio y de API de la clave usada por esta página; no cambiar el HTML basándose solo en la visibilidad de la clave.,El HTML contiene una clave con prefijo AIza. La auditoría clasifica la restricción Cloud como no verificable desde el ZIP.,REQUIERE CONFIRMACIÓN,Auditoría forense + ZIP auditado
NL,Neerlandés,SCOOTER,nl/scooter/index.html,RSB-003,ALTA,E,Existe una API key de Google Maps en cliente; desde el ZIP no puede verificarse que esté restringida.,Clave de Google Maps visible en el HTML cliente.,Restricciones de Website/dominio y API exacta verificadas en Google Cloud.,Verificar en Google Cloud las restricciones de Website/dominio y de API de la clave usada por esta página; no cambiar el HTML basándose solo en la visibilidad de la clave.,El HTML contiene una clave con prefijo AIza. La auditoría clasifica la restricción Cloud como no verificable desde el ZIP.,REQUIERE CONFIRMACIÓN,Auditoría forense + ZIP auditado
NL,Neerlandés,SKATEBOARD,nl/skateboard/index.html,RSB-003,ALTA,E,Existe una API key de Google Maps en cliente; desde el ZIP no puede verificarse que esté restringida.,Clave de Google Maps visible en el HTML cliente.,Restricciones de Website/dominio y API exacta verificadas en Google Cloud.,Verificar en Google Cloud las restricciones de Website/dominio y de API de la clave usada por esta página; no cambiar el HTML basándose solo en la visibilidad de la clave.,El HTML contiene una clave con prefijo AIza. La auditoría clasifica la restricción Cloud como no verificable desde el ZIP.,REQUIERE CONFIRMACIÓN,Auditoría forense + ZIP auditado
PT,Portugués,BIKE,pt/bike/index.html,RSB-003,ALTA,E,Existe una API key de Google Maps en cliente; desde el ZIP no puede verificarse que esté restringida.,Clave de Google Maps visible en el HTML cliente.,Restricciones de Website/dominio y API exacta verificadas en Google Cloud.,Verificar en Google Cloud las restricciones de Website/dominio y de API de la clave usada por esta página; no cambiar el HTML basándose solo en la visibilidad de la clave.,El HTML contiene una clave con prefijo AIza. La auditoría clasifica la restricción Cloud como no verificable desde el ZIP.,REQUIERE CONFIRMACIÓN,Auditoría forense + ZIP auditado
PT,Portugués,BLOG_50CC_VS_125CC,pt/blog/50cc-vs-125cc-scooter-rental-barcelona/index.html,,,,SIN CORRECCIONES DEMOSTRADAS EXCEPTO IMÁGENES,,,,,SIN ACCIÓN NO-IMAGEN,Auditoría forense
PT,Portugués,BLOG_BEGINNER_INLINE,pt/blog/patinagem-inline-barcelona-iniciantes/index.html,,,,SIN CORRECCIONES DEMOSTRADAS EXCEPTO IMÁGENES,,,,,SIN ACCIÓN NO-IMAGEN,Auditoría forense
PT,Portugués,BLOG_BEST_ROUTES,pt/blog/best-rollerblading-routes-barcelona/index.html,,,,SIN CORRECCIONES DEMOSTRADAS EXCEPTO IMÁGENES,,,,,SIN ACCIÓN NO-IMAGEN,Auditoría forense
PT,Portugués,BLOG_BIKE,pt/blog/bike/index.html,RSB-003,ALTA,E,Existe una API key de Google Maps en cliente; desde el ZIP no puede verificarse que esté restringida.,Clave de Google Maps visible en el HTML cliente.,Restricciones de Website/dominio y API exacta verificadas en Google Cloud.,Verificar en Google Cloud las restricciones de Website/dominio y de API de la clave usada por esta página; no cambiar el HTML basándose solo en la visibilidad de la clave.,El HTML contiene una clave con prefijo AIza. La auditoría clasifica la restricción Cloud como no verificable desde el ZIP.,REQUIERE CONFIRMACIÓN,Auditoría forense + ZIP auditado
PT,Portugués,BLOG_HOURLY_INLINE_RENTAL,pt/blog/aluguer-patins-linha-barcelona-a-hora/index.html,,,,SIN CORRECCIONES DEMOSTRADAS EXCEPTO IMÁGENES,,,,,SIN ACCIÓN NO-IMAGEN,Auditoría forense
PT,Portugués,BLOG_INDEX,pt/blog/index.html,,,,SIN CORRECCIONES DEMOSTRADAS EXCEPTO IMÁGENES,,,,,SIN ACCIÓN NO-IMAGEN,Auditoría forense
PT,Portugués,BLOG_INLINE_SKATES,pt/blog/inline-skates/index.html,RSB-003,ALTA,E,Existe una API key de Google Maps en cliente; desde el ZIP no puede verificarse que esté restringida.,Clave de Google Maps visible en el HTML cliente.,Restricciones de Website/dominio y API exacta verificadas en Google Cloud.,Verificar en Google Cloud las restricciones de Website/dominio y de API de la clave usada por esta página; no cambiar el HTML basándose solo en la visibilidad de la clave.,El HTML contiene una clave con prefijo AIza. La auditoría clasifica la restricción Cloud como no verificable desde el ZIP.,REQUIERE CONFIRMACIÓN,Auditoría forense + ZIP auditado
PT,Portugués,BLOG_LONGBOARD,pt/blog/longboard/index.html,RSB-003,ALTA,E,Existe una API key de Google Maps en cliente; desde el ZIP no puede verificarse que esté restringida.,Clave de Google Maps visible en el HTML cliente.,Restricciones de Website/dominio y API exacta verificadas en Google Cloud.,Verificar en Google Cloud las restricciones de Website/dominio y de API de la clave usada por esta página; no cambiar el HTML basándose solo en la visibilidad de la clave.,El HTML contiene una clave con prefijo AIza. La auditoría clasifica la restricción Cloud como no verificable desde el ZIP.,REQUIERE CONFIRMACIÓN,Auditoría forense + ZIP auditado
PT,Portugués,BLOG_ROLLER_SKATES,pt/blog/roller-skates/index.html,RSB-003,ALTA,E,Existe una API key de Google Maps en cliente; desde el ZIP no puede verificarse que esté restringida.,Clave de Google Maps visible en el HTML cliente.,Restricciones de Website/dominio y API exacta verificadas en Google Cloud.,Verificar en Google Cloud las restricciones de Website/dominio y de API de la clave usada por esta página; no cambiar el HTML basándose solo en la visibilidad de la clave.,El HTML contiene una clave con prefijo AIza. La auditoría clasifica la restricción Cloud como no verificable desde el ZIP.,REQUIERE CONFIRMACIÓN,Auditoría forense + ZIP auditado
PT,Portugués,BLOG_SCOOTER,pt/blog/scooter/index.html,RSB-003,ALTA,E,Existe una API key de Google Maps en cliente; desde el ZIP no puede verificarse que esté restringida.,Clave de Google Maps visible en el HTML cliente.,Restricciones de Website/dominio y API exacta verificadas en Google Cloud.,Verificar en Google Cloud las restricciones de Website/dominio y de API de la clave usada por esta página; no cambiar el HTML basándose solo en la visibilidad de la clave.,El HTML contiene una clave con prefijo AIza. La auditoría clasifica la restricción Cloud como no verificable desde el ZIP.,REQUIERE CONFIRMACIÓN,Auditoría forense + ZIP auditado
PT,Portugués,BLOG_SKATEBOARD,pt/blog/skateboard/index.html,RSB-003,ALTA,E,Existe una API key de Google Maps en cliente; desde el ZIP no puede verificarse que esté restringida.,Clave de Google Maps visible en el HTML cliente.,Restricciones de Website/dominio y API exacta verificadas en Google Cloud.,Verificar en Google Cloud las restricciones de Website/dominio y de API de la clave usada por esta página; no cambiar el HTML basándose solo en la visibilidad de la clave.,El HTML contiene una clave con prefijo AIza. La auditoría clasifica la restricción Cloud como no verificable desde el ZIP.,REQUIERE CONFIRMACIÓN,Auditoría forense + ZIP auditado
PT,Portugués,HOME,pt/index.html,RSB-003,ALTA,E,Existe una API key de Google Maps en cliente; desde el ZIP no puede verificarse que esté restringida.,Clave de Google Maps visible en el HTML cliente.,Restricciones de Website/dominio y API exacta verificadas en Google Cloud.,Verificar en Google Cloud las restricciones de Website/dominio y de API de la clave usada por esta página; no cambiar el HTML basándose solo en la visibilidad de la clave.,El HTML contiene una clave con prefijo AIza. La auditoría clasifica la restricción Cloud como no verificable desde el ZIP.,REQUIERE CONFIRMACIÓN,Auditoría forense + ZIP auditado
PT,Portugués,LOCATION_CONTACT,pt/location-contact/index.html,RSB-003,ALTA,E,Existe una API key de Google Maps en cliente; desde el ZIP no puede verificarse que esté restringida.,Clave de Google Maps visible en el HTML cliente.,Restricciones de Website/dominio y API exacta verificadas en Google Cloud.,Verificar en Google Cloud las restricciones de Website/dominio y de API de la clave usada por esta página; no cambiar el HTML basándose solo en la visibilidad de la clave.,El HTML contiene una clave con prefijo AIza. La auditoría clasifica la restricción Cloud como no verificable desde el ZIP.,REQUIERE CONFIRMACIÓN,Auditoría forense + ZIP auditado
PT,Portugués,LONGBOARD,pt/longboard/index.html,RSB-003,ALTA,E,Existe una API key de Google Maps en cliente; desde el ZIP no puede verificarse que esté restringida.,Clave de Google Maps visible en el HTML cliente.,Restricciones de Website/dominio y API exacta verificadas en Google Cloud.,Verificar en Google Cloud las restricciones de Website/dominio y de API de la clave usada por esta página; no cambiar el HTML basándose solo en la visibilidad de la clave.,El HTML contiene una clave con prefijo AIza. La auditoría clasifica la restricción Cloud como no verificable desde el ZIP.,REQUIERE CONFIRMACIÓN,Auditoría forense + ZIP auditado
PT,Portugués,PRICES,pt/Prices/index.html,RSB-003,ALTA,E,Existe una API key de Google Maps en cliente; desde el ZIP no puede verificarse que esté restringida.,Clave de Google Maps visible en el HTML cliente.,Restricciones de Website/dominio y API exacta verificadas en Google Cloud.,Verificar en Google Cloud las restricciones de Website/dominio y de API de la clave usada por esta página; no cambiar el HTML basándose solo en la visibilidad de la clave.,El HTML contiene una clave con prefijo AIza. La auditoría clasifica la restricción Cloud como no verificable desde el ZIP.,REQUIERE CONFIRMACIÓN,Auditoría forense + ZIP auditado
PT,Portugués,QUADS,pt/quads/index.html,RSB-003,ALTA,E,Existe una API key de Google Maps en cliente; desde el ZIP no puede verificarse que esté restringida.,Clave de Google Maps visible en el HTML cliente.,Restricciones de Website/dominio y API exacta verificadas en Google Cloud.,Verificar en Google Cloud las restricciones de Website/dominio y de API de la clave usada por esta página; no cambiar el HTML basándose solo en la visibilidad de la clave.,El HTML contiene una clave con prefijo AIza. La auditoría clasifica la restricción Cloud como no verificable desde el ZIP.,REQUIERE CONFIRMACIÓN,Auditoría forense + ZIP auditado
PT,Portugués,ROLLERBLADES,pt/rollerblades/index.html,RSB-003,ALTA,E,Existe una API key de Google Maps en cliente; desde el ZIP no puede verificarse que esté restringida.,Clave de Google Maps visible en el HTML cliente.,Restricciones de Website/dominio y API exacta verificadas en Google Cloud.,Verificar en Google Cloud las restricciones de Website/dominio y de API de la clave usada por esta página; no cambiar el HTML basándose solo en la visibilidad de la clave.,El HTML contiene una clave con prefijo AIza. La auditoría clasifica la restricción Cloud como no verificable desde el ZIP.,REQUIERE CONFIRMACIÓN,Auditoría forense + ZIP auditado
PT,Portugués,SCOOTER,pt/scooter/index.html,RSB-003,ALTA,E,Existe una API key de Google Maps en cliente; desde el ZIP no puede verificarse que esté restringida.,Clave de Google Maps visible en el HTML cliente.,Restricciones de Website/dominio y API exacta verificadas en Google Cloud.,Verificar en Google Cloud las restricciones de Website/dominio y de API de la clave usada por esta página; no cambiar el HTML basándose solo en la visibilidad de la clave.,El HTML contiene una clave con prefijo AIza. La auditoría clasifica la restricción Cloud como no verificable desde el ZIP.,REQUIERE CONFIRMACIÓN,Auditoría forense + ZIP auditado
PT,Portugués,SKATEBOARD,pt/skateboard/index.html,RSB-003,ALTA,E,Existe una API key de Google Maps en cliente; desde el ZIP no puede verificarse que esté restringida.,Clave de Google Maps visible en el HTML cliente.,Restricciones de Website/dominio y API exacta verificadas en Google Cloud.,Verificar en Google Cloud las restricciones de Website/dominio y de API de la clave usada por esta página; no cambiar el HTML basándose solo en la visibilidad de la clave.,El HTML contiene una clave con prefijo AIza. La auditoría clasifica la restricción Cloud como no verificable desde el ZIP.,REQUIERE CONFIRMACIÓN,Auditoría forense + ZIP auditado
CA,Catalán,BIKE,cat/bike/index.html,RSB-003,ALTA,E,Existe una API key de Google Maps en cliente; desde el ZIP no puede verificarse que esté restringida.,Clave de Google Maps visible en el HTML cliente.,Restricciones de Website/dominio y API exacta verificadas en Google Cloud.,Verificar en Google Cloud las restricciones de Website/dominio y de API de la clave usada por esta página; no cambiar el HTML basándose solo en la visibilidad de la clave.,El HTML contiene una clave con prefijo AIza. La auditoría clasifica la restricción Cloud como no verificable desde el ZIP.,REQUIERE CONFIRMACIÓN,Auditoría forense + ZIP auditado
CA,Catalán,BLOG_50CC_VS_125CC,cat/blog/50cc-vs-125cc-scooter-rental-barcelona/index.html,,,,SIN CORRECCIONES DEMOSTRADAS EXCEPTO IMÁGENES,,,,,SIN ACCIÓN NO-IMAGEN,Auditoría forense
CA,Catalán,BLOG_BEGINNER_INLINE,cat/blog/patinar-linia-barcelona-principiants/index.html,,,,SIN CORRECCIONES DEMOSTRADAS EXCEPTO IMÁGENES,,,,,SIN ACCIÓN NO-IMAGEN,Auditoría forense
CA,Catalán,BLOG_BEST_ROUTES,cat/blog/best-rollerblading-routes-barcelona/index.html,,,,SIN CORRECCIONES DEMOSTRADAS EXCEPTO IMÁGENES,,,,,SIN ACCIÓN NO-IMAGEN,Auditoría forense
CA,Catalán,BLOG_BIKE,cat/blog/bike/index.html,RSB-003,ALTA,E,Existe una API key de Google Maps en cliente; desde el ZIP no puede verificarse que esté restringida.,Clave de Google Maps visible en el HTML cliente.,Restricciones de Website/dominio y API exacta verificadas en Google Cloud.,Verificar en Google Cloud las restricciones de Website/dominio y de API de la clave usada por esta página; no cambiar el HTML basándose solo en la visibilidad de la clave.,El HTML contiene una clave con prefijo AIza. La auditoría clasifica la restricción Cloud como no verificable desde el ZIP.,REQUIERE CONFIRMACIÓN,Auditoría forense + ZIP auditado
CA,Catalán,BLOG_HOURLY_INLINE_RENTAL,cat/blog/lloguer-patins-linia-barcelona-per-hores/index.html,,,,SIN CORRECCIONES DEMOSTRADAS EXCEPTO IMÁGENES,,,,,SIN ACCIÓN NO-IMAGEN,Auditoría forense
CA,Catalán,BLOG_INDEX,cat/blog/index.html,,,,SIN CORRECCIONES DEMOSTRADAS EXCEPTO IMÁGENES,,,,,SIN ACCIÓN NO-IMAGEN,Auditoría forense
CA,Catalán,BLOG_INLINE_SKATES,cat/blog/inline-skates/index.html,RSB-003,ALTA,E,Existe una API key de Google Maps en cliente; desde el ZIP no puede verificarse que esté restringida.,Clave de Google Maps visible en el HTML cliente.,Restricciones de Website/dominio y API exacta verificadas en Google Cloud.,Verificar en Google Cloud las restricciones de Website/dominio y de API de la clave usada por esta página; no cambiar el HTML basándose solo en la visibilidad de la clave.,El HTML contiene una clave con prefijo AIza. La auditoría clasifica la restricción Cloud como no verificable desde el ZIP.,REQUIERE CONFIRMACIÓN,Auditoría forense + ZIP auditado
CA,Catalán,BLOG_LONGBOARD,cat/blog/longboard/index.html,RSB-003,ALTA,E,Existe una API key de Google Maps en cliente; desde el ZIP no puede verificarse que esté restringida.,Clave de Google Maps visible en el HTML cliente.,Restricciones de Website/dominio y API exacta verificadas en Google Cloud.,Verificar en Google Cloud las restricciones de Website/dominio y de API de la clave usada por esta página; no cambiar el HTML basándose solo en la visibilidad de la clave.,El HTML contiene una clave con prefijo AIza. La auditoría clasifica la restricción Cloud como no verificable desde el ZIP.,REQUIERE CONFIRMACIÓN,Auditoría forense + ZIP auditado
CA,Catalán,BLOG_ROLLER_SKATES,cat/blog/roller-skates/index.html,RSB-003,ALTA,E,Existe una API key de Google Maps en cliente; desde el ZIP no puede verificarse que esté restringida.,Clave de Google Maps visible en el HTML cliente.,Restricciones de Website/dominio y API exacta verificadas en Google Cloud.,Verificar en Google Cloud las restricciones de Website/dominio y de API de la clave usada por esta página; no cambiar el HTML basándose solo en la visibilidad de la clave.,El HTML contiene una clave con prefijo AIza. La auditoría clasifica la restricción Cloud como no verificable desde el ZIP.,REQUIERE CONFIRMACIÓN,Auditoría forense + ZIP auditado
CA,Catalán,BLOG_SCOOTER,cat/blog/scooter/index.html,RSB-003,ALTA,E,Existe una API key de Google Maps en cliente; desde el ZIP no puede verificarse que esté restringida.,Clave de Google Maps visible en el HTML cliente.,Restricciones de Website/dominio y API exacta verificadas en Google Cloud.,Verificar en Google Cloud las restricciones de Website/dominio y de API de la clave usada por esta página; no cambiar el HTML basándose solo en la visibilidad de la clave.,El HTML contiene una clave con prefijo AIza. La auditoría clasifica la restricción Cloud como no verificable desde el ZIP.,REQUIERE CONFIRMACIÓN,Auditoría forense + ZIP auditado
CA,Catalán,BLOG_SKATEBOARD,cat/blog/skateboard/index.html,RSB-003,ALTA,E,Existe una API key de Google Maps en cliente; desde el ZIP no puede verificarse que esté restringida.,Clave de Google Maps visible en el HTML cliente.,Restricciones de Website/dominio y API exacta verificadas en Google Cloud.,Verificar en Google Cloud las restricciones de Website/dominio y de API de la clave usada por esta página; no cambiar el HTML basándose solo en la visibilidad de la clave.,El HTML contiene una clave con prefijo AIza. La auditoría clasifica la restricción Cloud como no verificable desde el ZIP.,REQUIERE CONFIRMACIÓN,Auditoría forense + ZIP auditado
CA,Catalán,HOME,cat/index.html,RSB-003,ALTA,E,Existe una API key de Google Maps en cliente; desde el ZIP no puede verificarse que esté restringida.,Clave de Google Maps visible en el HTML cliente.,Restricciones de Website/dominio y API exacta verificadas en Google Cloud.,Verificar en Google Cloud las restricciones de Website/dominio y de API de la clave usada por esta página; no cambiar el HTML basándose solo en la visibilidad de la clave.,El HTML contiene una clave con prefijo AIza. La auditoría clasifica la restricción Cloud como no verificable desde el ZIP.,REQUIERE CONFIRMACIÓN,Auditoría forense + ZIP auditado
CA,Catalán,LOCATION_CONTACT,cat/location-contact/index.html,RSB-003,ALTA,E,Existe una API key de Google Maps en cliente; desde el ZIP no puede verificarse que esté restringida.,Clave de Google Maps visible en el HTML cliente.,Restricciones de Website/dominio y API exacta verificadas en Google Cloud.,Verificar en Google Cloud las restricciones de Website/dominio y de API de la clave usada por esta página; no cambiar el HTML basándose solo en la visibilidad de la clave.,El HTML contiene una clave con prefijo AIza. La auditoría clasifica la restricción Cloud como no verificable desde el ZIP.,REQUIERE CONFIRMACIÓN,Auditoría forense + ZIP auditado
CA,Catalán,LONGBOARD,cat/longboard/index.html,RSB-003,ALTA,E,Existe una API key de Google Maps en cliente; desde el ZIP no puede verificarse que esté restringida.,Clave de Google Maps visible en el HTML cliente.,Restricciones de Website/dominio y API exacta verificadas en Google Cloud.,Verificar en Google Cloud las restricciones de Website/dominio y de API de la clave usada por esta página; no cambiar el HTML basándose solo en la visibilidad de la clave.,El HTML contiene una clave con prefijo AIza. La auditoría clasifica la restricción Cloud como no verificable desde el ZIP.,REQUIERE CONFIRMACIÓN,Auditoría forense + ZIP auditado
CA,Catalán,PRICES,cat/Prices/index.html,RSB-003,ALTA,E,Existe una API key de Google Maps en cliente; desde el ZIP no puede verificarse que esté restringida.,Clave de Google Maps visible en el HTML cliente.,Restricciones de Website/dominio y API exacta verificadas en Google Cloud.,Verificar en Google Cloud las restricciones de Website/dominio y de API de la clave usada por esta página; no cambiar el HTML basándose solo en la visibilidad de la clave.,El HTML contiene una clave con prefijo AIza. La auditoría clasifica la restricción Cloud como no verificable desde el ZIP.,REQUIERE CONFIRMACIÓN,Auditoría forense + ZIP auditado
CA,Catalán,QUADS,cat/quads/index.html,RSB-003,ALTA,E,Existe una API key de Google Maps en cliente; desde el ZIP no puede verificarse que esté restringida.,Clave de Google Maps visible en el HTML cliente.,Restricciones de Website/dominio y API exacta verificadas en Google Cloud.,Verificar en Google Cloud las restricciones de Website/dominio y de API de la clave usada por esta página; no cambiar el HTML basándose solo en la visibilidad de la clave.,El HTML contiene una clave con prefijo AIza. La auditoría clasifica la restricción Cloud como no verificable desde el ZIP.,REQUIERE CONFIRMACIÓN,Auditoría forense + ZIP auditado
CA,Catalán,ROLLERBLADES,cat/rollerblades/index.html,RSB-003,ALTA,E,Existe una API key de Google Maps en cliente; desde el ZIP no puede verificarse que esté restringida.,Clave de Google Maps visible en el HTML cliente.,Restricciones de Website/dominio y API exacta verificadas en Google Cloud.,Verificar en Google Cloud las restricciones de Website/dominio y de API de la clave usada por esta página; no cambiar el HTML basándose solo en la visibilidad de la clave.,El HTML contiene una clave con prefijo AIza. La auditoría clasifica la restricción Cloud como no verificable desde el ZIP.,REQUIERE CONFIRMACIÓN,Auditoría forense + ZIP auditado
CA,Catalán,SCOOTER,cat/scooter/index.html,RSB-003,ALTA,E,Existe una API key de Google Maps en cliente; desde el ZIP no puede verificarse que esté restringida.,Clave de Google Maps visible en el HTML cliente.,Restricciones de Website/dominio y API exacta verificadas en Google Cloud.,Verificar en Google Cloud las restricciones de Website/dominio y de API de la clave usada por esta página; no cambiar el HTML basándose solo en la visibilidad de la clave.,El HTML contiene una clave con prefijo AIza. La auditoría clasifica la restricción Cloud como no verificable desde el ZIP.,REQUIERE CONFIRMACIÓN,Auditoría forense + ZIP auditado
CA,Catalán,SKATEBOARD,cat/skateboard/index.html,RSB-003,ALTA,E,Existe una API key de Google Maps en cliente; desde el ZIP no puede verificarse que esté restringida.,Clave de Google Maps visible en el HTML cliente.,Restricciones de Website/dominio y API exacta verificadas en Google Cloud.,Verificar en Google Cloud las restricciones de Website/dominio y de API de la clave usada por esta página; no cambiar el HTML basándose solo en la visibilidad de la clave.,El HTML contiene una clave con prefijo AIza. La auditoría clasifica la restricción Cloud como no verificable desde el ZIP.,REQUIERE CONFIRMACIÓN,Auditoría forense + ZIP auditado
SV,Sueco,BIKE,sv/bike/index.html,RSB-003,ALTA,E,Existe una API key de Google Maps en cliente; desde el ZIP no puede verificarse que esté restringida.,Clave de Google Maps visible en el HTML cliente.,Restricciones de Website/dominio y API exacta verificadas en Google Cloud.,Verificar en Google Cloud las restricciones de Website/dominio y de API de la clave usada por esta página; no cambiar el HTML basándose solo en la visibilidad de la clave.,El HTML contiene una clave con prefijo AIza. La auditoría clasifica la restricción Cloud como no verificable desde el ZIP.,REQUIERE CONFIRMACIÓN,Auditoría forense + ZIP auditado
SV,Sueco,BLOG_50CC_VS_125CC,sv/blog/50cc-vs-125cc-scooter-rental-barcelona/index.html,,,,SIN CORRECCIONES DEMOSTRADAS EXCEPTO IMÁGENES,,,,,SIN ACCIÓN NO-IMAGEN,Auditoría forense
SV,Sueco,BLOG_BEGINNER_INLINE,sv/blog/inline-skating-barcelona-nyborjare/index.html,,,,SIN CORRECCIONES DEMOSTRADAS EXCEPTO IMÁGENES,,,,,SIN ACCIÓN NO-IMAGEN,Auditoría forense
SV,Sueco,BLOG_BEST_ROUTES,sv/blog/best-rollerblading-routes-barcelona/index.html,,,,SIN CORRECCIONES DEMOSTRADAS EXCEPTO IMÁGENES,,,,,SIN ACCIÓN NO-IMAGEN,Auditoría forense
SV,Sueco,BLOG_BIKE,sv/blog/bike/index.html,RSB-003,ALTA,E,Existe una API key de Google Maps en cliente; desde el ZIP no puede verificarse que esté restringida.,Clave de Google Maps visible en el HTML cliente.,Restricciones de Website/dominio y API exacta verificadas en Google Cloud.,Verificar en Google Cloud las restricciones de Website/dominio y de API de la clave usada por esta página; no cambiar el HTML basándose solo en la visibilidad de la clave.,El HTML contiene una clave con prefijo AIza. La auditoría clasifica la restricción Cloud como no verificable desde el ZIP.,REQUIERE CONFIRMACIÓN,Auditoría forense + ZIP auditado
SV,Sueco,BLOG_HOURLY_INLINE_RENTAL,sv/blog/hyra-inlines-barcelona-per-timme/index.html,,,,SIN CORRECCIONES DEMOSTRADAS EXCEPTO IMÁGENES,,,,,SIN ACCIÓN NO-IMAGEN,Auditoría forense
SV,Sueco,BLOG_INDEX,sv/blog/index.html,,,,SIN CORRECCIONES DEMOSTRADAS EXCEPTO IMÁGENES,,,,,SIN ACCIÓN NO-IMAGEN,Auditoría forense
SV,Sueco,BLOG_INLINE_SKATES,sv/blog/inline-skates/index.html,RSB-003,ALTA,E,Existe una API key de Google Maps en cliente; desde el ZIP no puede verificarse que esté restringida.,Clave de Google Maps visible en el HTML cliente.,Restricciones de Website/dominio y API exacta verificadas en Google Cloud.,Verificar en Google Cloud las restricciones de Website/dominio y de API de la clave usada por esta página; no cambiar el HTML basándose solo en la visibilidad de la clave.,El HTML contiene una clave con prefijo AIza. La auditoría clasifica la restricción Cloud como no verificable desde el ZIP.,REQUIERE CONFIRMACIÓN,Auditoría forense + ZIP auditado
SV,Sueco,BLOG_LONGBOARD,sv/blog/longboard/index.html,RSB-003,ALTA,E,Existe una API key de Google Maps en cliente; desde el ZIP no puede verificarse que esté restringida.,Clave de Google Maps visible en el HTML cliente.,Restricciones de Website/dominio y API exacta verificadas en Google Cloud.,Verificar en Google Cloud las restricciones de Website/dominio y de API de la clave usada por esta página; no cambiar el HTML basándose solo en la visibilidad de la clave.,El HTML contiene una clave con prefijo AIza. La auditoría clasifica la restricción Cloud como no verificable desde el ZIP.,REQUIERE CONFIRMACIÓN,Auditoría forense + ZIP auditado
SV,Sueco,BLOG_ROLLER_SKATES,sv/blog/roller-skates/index.html,RSB-003,ALTA,E,Existe una API key de Google Maps en cliente; desde el ZIP no puede verificarse que esté restringida.,Clave de Google Maps visible en el HTML cliente.,Restricciones de Website/dominio y API exacta verificadas en Google Cloud.,Verificar en Google Cloud las restricciones de Website/dominio y de API de la clave usada por esta página; no cambiar el HTML basándose solo en la visibilidad de la clave.,El HTML contiene una clave con prefijo AIza. La auditoría clasifica la restricción Cloud como no verificable desde el ZIP.,REQUIERE CONFIRMACIÓN,Auditoría forense + ZIP auditado
SV,Sueco,BLOG_SCOOTER,sv/blog/scooter/index.html,RSB-003,ALTA,E,Existe una API key de Google Maps en cliente; desde el ZIP no puede verificarse que esté restringida.,Clave de Google Maps visible en el HTML cliente.,Restricciones de Website/dominio y API exacta verificadas en Google Cloud.,Verificar en Google Cloud las restricciones de Website/dominio y de API de la clave usada por esta página; no cambiar el HTML basándose solo en la visibilidad de la clave.,El HTML contiene una clave con prefijo AIza. La auditoría clasifica la restricción Cloud como no verificable desde el ZIP.,REQUIERE CONFIRMACIÓN,Auditoría forense + ZIP auditado
SV,Sueco,BLOG_SKATEBOARD,sv/blog/skateboard/index.html,RSB-003,ALTA,E,Existe una API key de Google Maps en cliente; desde el ZIP no puede verificarse que esté restringida.,Clave de Google Maps visible en el HTML cliente.,Restricciones de Website/dominio y API exacta verificadas en Google Cloud.,Verificar en Google Cloud las restricciones de Website/dominio y de API de la clave usada por esta página; no cambiar el HTML basándose solo en la visibilidad de la clave.,El HTML contiene una clave con prefijo AIza. La auditoría clasifica la restricción Cloud como no verificable desde el ZIP.,REQUIERE CONFIRMACIÓN,Auditoría forense + ZIP auditado
SV,Sueco,HOME,sv/index.html,RSB-003,ALTA,E,Existe una API key de Google Maps en cliente; desde el ZIP no puede verificarse que esté restringida.,Clave de Google Maps visible en el HTML cliente.,Restricciones de Website/dominio y API exacta verificadas en Google Cloud.,Verificar en Google Cloud las restricciones de Website/dominio y de API de la clave usada por esta página; no cambiar el HTML basándose solo en la visibilidad de la clave.,El HTML contiene una clave con prefijo AIza. La auditoría clasifica la restricción Cloud como no verificable desde el ZIP.,REQUIERE CONFIRMACIÓN,Auditoría forense + ZIP auditado
SV,Sueco,LOCATION_CONTACT,sv/location-contact/index.html,RSB-003,ALTA,E,Existe una API key de Google Maps en cliente; desde el ZIP no puede verificarse que esté restringida.,Clave de Google Maps visible en el HTML cliente.,Restricciones de Website/dominio y API exacta verificadas en Google Cloud.,Verificar en Google Cloud las restricciones de Website/dominio y de API de la clave usada por esta página; no cambiar el HTML basándose solo en la visibilidad de la clave.,El HTML contiene una clave con prefijo AIza. La auditoría clasifica la restricción Cloud como no verificable desde el ZIP.,REQUIERE CONFIRMACIÓN,Auditoría forense + ZIP auditado
SV,Sueco,LONGBOARD,sv/longboard/index.html,RSB-003,ALTA,E,Existe una API key de Google Maps en cliente; desde el ZIP no puede verificarse que esté restringida.,Clave de Google Maps visible en el HTML cliente.,Restricciones de Website/dominio y API exacta verificadas en Google Cloud.,Verificar en Google Cloud las restricciones de Website/dominio y de API de la clave usada por esta página; no cambiar el HTML basándose solo en la visibilidad de la clave.,El HTML contiene una clave con prefijo AIza. La auditoría clasifica la restricción Cloud como no verificable desde el ZIP.,REQUIERE CONFIRMACIÓN,Auditoría forense + ZIP auditado
SV,Sueco,PRICES,sv/Prices/index.html,RSB-003,ALTA,E,Existe una API key de Google Maps en cliente; desde el ZIP no puede verificarse que esté restringida.,Clave de Google Maps visible en el HTML cliente.,Restricciones de Website/dominio y API exacta verificadas en Google Cloud.,Verificar en Google Cloud las restricciones de Website/dominio y de API de la clave usada por esta página; no cambiar el HTML basándose solo en la visibilidad de la clave.,El HTML contiene una clave con prefijo AIza. La auditoría clasifica la restricción Cloud como no verificable desde el ZIP.,REQUIERE CONFIRMACIÓN,Auditoría forense + ZIP auditado
SV,Sueco,QUADS,sv/quads/index.html,RSB-003,ALTA,E,Existe una API key de Google Maps en cliente; desde el ZIP no puede verificarse que esté restringida.,Clave de Google Maps visible en el HTML cliente.,Restricciones de Website/dominio y API exacta verificadas en Google Cloud.,Verificar en Google Cloud las restricciones de Website/dominio y de API de la clave usada por esta página; no cambiar el HTML basándose solo en la visibilidad de la clave.,El HTML contiene una clave con prefijo AIza. La auditoría clasifica la restricción Cloud como no verificable desde el ZIP.,REQUIERE CONFIRMACIÓN,Auditoría forense + ZIP auditado
SV,Sueco,ROLLERBLADES,sv/rollerblades/index.html,RSB-003,ALTA,E,Existe una API key de Google Maps en cliente; desde el ZIP no puede verificarse que esté restringida.,Clave de Google Maps visible en el HTML cliente.,Restricciones de Website/dominio y API exacta verificadas en Google Cloud.,Verificar en Google Cloud las restricciones de Website/dominio y de API de la clave usada por esta página; no cambiar el HTML basándose solo en la visibilidad de la clave.,El HTML contiene una clave con prefijo AIza. La auditoría clasifica la restricción Cloud como no verificable desde el ZIP.,REQUIERE CONFIRMACIÓN,Auditoría forense + ZIP auditado
SV,Sueco,SCOOTER,sv/scooter/index.html,RSB-003,ALTA,E,Existe una API key de Google Maps en cliente; desde el ZIP no puede verificarse que esté restringida.,Clave de Google Maps visible en el HTML cliente.,Restricciones de Website/dominio y API exacta verificadas en Google Cloud.,Verificar en Google Cloud las restricciones de Website/dominio y de API de la clave usada por esta página; no cambiar el HTML basándose solo en la visibilidad de la clave.,El HTML contiene una clave con prefijo AIza. La auditoría clasifica la restricción Cloud como no verificable desde el ZIP.,REQUIERE CONFIRMACIÓN,Auditoría forense + ZIP auditado
SV,Sueco,SKATEBOARD,sv/skateboard/index.html,RSB-003,ALTA,E,Existe una API key de Google Maps en cliente; desde el ZIP no puede verificarse que esté restringida.,Clave de Google Maps visible en el HTML cliente.,Restricciones de Website/dominio y API exacta verificadas en Google Cloud.,Verificar en Google Cloud las restricciones de Website/dominio y de API de la clave usada por esta página; no cambiar el HTML basándose solo en la visibilidad de la clave.,El HTML contiene una clave con prefijo AIza. La auditoría clasifica la restricción Cloud como no verificable desde el ZIP.,REQUIERE CONFIRMACIÓN,Auditoría forense + ZIP auditado
PL,Polaco,BIKE,pl/bike/index.html,RSB-003,ALTA,E,Existe una API key de Google Maps en cliente; desde el ZIP no puede verificarse que esté restringida.,Clave de Google Maps visible en el HTML cliente.,Restricciones de Website/dominio y API exacta verificadas en Google Cloud.,Verificar en Google Cloud las restricciones de Website/dominio y de API de la clave usada por esta página; no cambiar el HTML basándose solo en la visibilidad de la clave.,El HTML contiene una clave con prefijo AIza. La auditoría clasifica la restricción Cloud como no verificable desde el ZIP.,REQUIERE CONFIRMACIÓN,Auditoría forense + ZIP auditado
PL,Polaco,BLOG_50CC_VS_125CC,pl/blog/50cc-vs-125cc-scooter-rental-barcelona/index.html,,,,SIN CORRECCIONES DEMOSTRADAS EXCEPTO IMÁGENES,,,,,SIN ACCIÓN NO-IMAGEN,Auditoría forense
PL,Polaco,BLOG_BEGINNER_INLINE,pl/blog/jazda-na-rolkach-barcelona-poczatkujacy/index.html,,,,SIN CORRECCIONES DEMOSTRADAS EXCEPTO IMÁGENES,,,,,SIN ACCIÓN NO-IMAGEN,Auditoría forense
PL,Polaco,BLOG_BEST_ROUTES,pl/blog/best-rollerblading-routes-barcelona/index.html,,,,SIN CORRECCIONES DEMOSTRADAS EXCEPTO IMÁGENES,,,,,SIN ACCIÓN NO-IMAGEN,Auditoría forense
PL,Polaco,BLOG_BIKE,pl/blog/bike/index.html,RSB-003,ALTA,E,Existe una API key de Google Maps en cliente; desde el ZIP no puede verificarse que esté restringida.,Clave de Google Maps visible en el HTML cliente.,Restricciones de Website/dominio y API exacta verificadas en Google Cloud.,Verificar en Google Cloud las restricciones de Website/dominio y de API de la clave usada por esta página; no cambiar el HTML basándose solo en la visibilidad de la clave.,El HTML contiene una clave con prefijo AIza. La auditoría clasifica la restricción Cloud como no verificable desde el ZIP.,REQUIERE CONFIRMACIÓN,Auditoría forense + ZIP auditado
PL,Polaco,BLOG_HOURLY_INLINE_RENTAL,pl/blog/wynajem-rolek-na-godziny-barcelona/index.html,,,,SIN CORRECCIONES DEMOSTRADAS EXCEPTO IMÁGENES,,,,,SIN ACCIÓN NO-IMAGEN,Auditoría forense
PL,Polaco,BLOG_INDEX,pl/blog/index.html,,,,SIN CORRECCIONES DEMOSTRADAS EXCEPTO IMÁGENES,,,,,SIN ACCIÓN NO-IMAGEN,Auditoría forense
PL,Polaco,BLOG_INLINE_SKATES,pl/blog/inline-skates/index.html,RSB-003,ALTA,E,Existe una API key de Google Maps en cliente; desde el ZIP no puede verificarse que esté restringida.,Clave de Google Maps visible en el HTML cliente.,Restricciones de Website/dominio y API exacta verificadas en Google Cloud.,Verificar en Google Cloud las restricciones de Website/dominio y de API de la clave usada por esta página; no cambiar el HTML basándose solo en la visibilidad de la clave.,El HTML contiene una clave con prefijo AIza. La auditoría clasifica la restricción Cloud como no verificable desde el ZIP.,REQUIERE CONFIRMACIÓN,Auditoría forense + ZIP auditado
PL,Polaco,BLOG_LONGBOARD,pl/blog/longboard/index.html,RSB-003,ALTA,E,Existe una API key de Google Maps en cliente; desde el ZIP no puede verificarse que esté restringida.,Clave de Google Maps visible en el HTML cliente.,Restricciones de Website/dominio y API exacta verificadas en Google Cloud.,Verificar en Google Cloud las restricciones de Website/dominio y de API de la clave usada por esta página; no cambiar el HTML basándose solo en la visibilidad de la clave.,El HTML contiene una clave con prefijo AIza. La auditoría clasifica la restricción Cloud como no verificable desde el ZIP.,REQUIERE CONFIRMACIÓN,Auditoría forense + ZIP auditado
PL,Polaco,BLOG_ROLLER_SKATES,pl/blog/roller-skates/index.html,RSB-003,ALTA,E,Existe una API key de Google Maps en cliente; desde el ZIP no puede verificarse que esté restringida.,Clave de Google Maps visible en el HTML cliente.,Restricciones de Website/dominio y API exacta verificadas en Google Cloud.,Verificar en Google Cloud las restricciones de Website/dominio y de API de la clave usada por esta página; no cambiar el HTML basándose solo en la visibilidad de la clave.,El HTML contiene una clave con prefijo AIza. La auditoría clasifica la restricción Cloud como no verificable desde el ZIP.,REQUIERE CONFIRMACIÓN,Auditoría forense + ZIP auditado
PL,Polaco,BLOG_SCOOTER,pl/blog/scooter/index.html,RSB-003,ALTA,E,Existe una API key de Google Maps en cliente; desde el ZIP no puede verificarse que esté restringida.,Clave de Google Maps visible en el HTML cliente.,Restricciones de Website/dominio y API exacta verificadas en Google Cloud.,Verificar en Google Cloud las restricciones de Website/dominio y de API de la clave usada por esta página; no cambiar el HTML basándose solo en la visibilidad de la clave.,El HTML contiene una clave con prefijo AIza. La auditoría clasifica la restricción Cloud como no verificable desde el ZIP.,REQUIERE CONFIRMACIÓN,Auditoría forense + ZIP auditado
PL,Polaco,BLOG_SKATEBOARD,pl/blog/skateboard/index.html,RSB-003,ALTA,E,Existe una API key de Google Maps en cliente; desde el ZIP no puede verificarse que esté restringida.,Clave de Google Maps visible en el HTML cliente.,Restricciones de Website/dominio y API exacta verificadas en Google Cloud.,Verificar en Google Cloud las restricciones de Website/dominio y de API de la clave usada por esta página; no cambiar el HTML basándose solo en la visibilidad de la clave.,El HTML contiene una clave con prefijo AIza. La auditoría clasifica la restricción Cloud como no verificable desde el ZIP.,REQUIERE CONFIRMACIÓN,Auditoría forense + ZIP auditado
PL,Polaco,HOME,pl/index.html,RSB-003,ALTA,E,Existe una API key de Google Maps en cliente; desde el ZIP no puede verificarse que esté restringida.,Clave de Google Maps visible en el HTML cliente.,Restricciones de Website/dominio y API exacta verificadas en Google Cloud.,Verificar en Google Cloud las restricciones de Website/dominio y de API de la clave usada por esta página; no cambiar el HTML basándose solo en la visibilidad de la clave.,El HTML contiene una clave con prefijo AIza. La auditoría clasifica la restricción Cloud como no verificable desde el ZIP.,REQUIERE CONFIRMACIÓN,Auditoría forense + ZIP auditado
PL,Polaco,LOCATION_CONTACT,pl/location-contact/index.html,RSB-003,ALTA,E,Existe una API key de Google Maps en cliente; desde el ZIP no puede verificarse que esté restringida.,Clave de Google Maps visible en el HTML cliente.,Restricciones de Website/dominio y API exacta verificadas en Google Cloud.,Verificar en Google Cloud las restricciones de Website/dominio y de API de la clave usada por esta página; no cambiar el HTML basándose solo en la visibilidad de la clave.,El HTML contiene una clave con prefijo AIza. La auditoría clasifica la restricción Cloud como no verificable desde el ZIP.,REQUIERE CONFIRMACIÓN,Auditoría forense + ZIP auditado
PL,Polaco,LONGBOARD,pl/longboard/index.html,RSB-003,ALTA,E,Existe una API key de Google Maps en cliente; desde el ZIP no puede verificarse que esté restringida.,Clave de Google Maps visible en el HTML cliente.,Restricciones de Website/dominio y API exacta verificadas en Google Cloud.,Verificar en Google Cloud las restricciones de Website/dominio y de API de la clave usada por esta página; no cambiar el HTML basándose solo en la visibilidad de la clave.,El HTML contiene una clave con prefijo AIza. La auditoría clasifica la restricción Cloud como no verificable desde el ZIP.,REQUIERE CONFIRMACIÓN,Auditoría forense + ZIP auditado
PL,Polaco,PRICES,pl/Prices/index.html,RSB-003,ALTA,E,Existe una API key de Google Maps en cliente; desde el ZIP no puede verificarse que esté restringida.,Clave de Google Maps visible en el HTML cliente.,Restricciones de Website/dominio y API exacta verificadas en Google Cloud.,Verificar en Google Cloud las restricciones de Website/dominio y de API de la clave usada por esta página; no cambiar el HTML basándose solo en la visibilidad de la clave.,El HTML contiene una clave con prefijo AIza. La auditoría clasifica la restricción Cloud como no verificable desde el ZIP.,REQUIERE CONFIRMACIÓN,Auditoría forense + ZIP auditado
PL,Polaco,QUADS,pl/quads/index.html,RSB-003,ALTA,E,Existe una API key de Google Maps en cliente; desde el ZIP no puede verificarse que esté restringida.,Clave de Google Maps visible en el HTML cliente.,Restricciones de Website/dominio y API exacta verificadas en Google Cloud.,Verificar en Google Cloud las restricciones de Website/dominio y de API de la clave usada por esta página; no cambiar el HTML basándose solo en la visibilidad de la clave.,El HTML contiene una clave con prefijo AIza. La auditoría clasifica la restricción Cloud como no verificable desde el ZIP.,REQUIERE CONFIRMACIÓN,Auditoría forense + ZIP auditado
PL,Polaco,ROLLERBLADES,pl/rollerblades/index.html,RSB-003,ALTA,E,Existe una API key de Google Maps en cliente; desde el ZIP no puede verificarse que esté restringida.,Clave de Google Maps visible en el HTML cliente.,Restricciones de Website/dominio y API exacta verificadas en Google Cloud.,Verificar en Google Cloud las restricciones de Website/dominio y de API de la clave usada por esta página; no cambiar el HTML basándose solo en la visibilidad de la clave.,El HTML contiene una clave con prefijo AIza. La auditoría clasifica la restricción Cloud como no verificable desde el ZIP.,REQUIERE CONFIRMACIÓN,Auditoría forense + ZIP auditado
PL,Polaco,SCOOTER,pl/scooter/index.html,RSB-003,ALTA,E,Existe una API key de Google Maps en cliente; desde el ZIP no puede verificarse que esté restringida.,Clave de Google Maps visible en el HTML cliente.,Restricciones de Website/dominio y API exacta verificadas en Google Cloud.,Verificar en Google Cloud las restricciones de Website/dominio y de API de la clave usada por esta página; no cambiar el HTML basándose solo en la visibilidad de la clave.,El HTML contiene una clave con prefijo AIza. La auditoría clasifica la restricción Cloud como no verificable desde el ZIP.,REQUIERE CONFIRMACIÓN,Auditoría forense + ZIP auditado
PL,Polaco,SKATEBOARD,pl/skateboard/index.html,RSB-003,ALTA,E,Existe una API key de Google Maps en cliente; desde el ZIP no puede verificarse que esté restringida.,Clave de Google Maps visible en el HTML cliente.,Restricciones de Website/dominio y API exacta verificadas en Google Cloud.,Verificar en Google Cloud las restricciones de Website/dominio y de API de la clave usada por esta página; no cambiar el HTML basándose solo en la visibilidad de la clave.,El HTML contiene una clave con prefijo AIza. La auditoría clasifica la restricción Cloud como no verificable desde el ZIP.,REQUIERE CONFIRMACIÓN,Auditoría forense + ZIP auditado
