Idioma,Grupo de página,Ruta HTML exacta,Imagen referenciada,src,width declarado,height declarado,Anchura física real,Altura física real,Relación declarada,Relación física,Error exacto,Corrección necesaria,Ruta física de imagen,Diferencia ratio (%),Fuente
EN,HOME,index.html,rsb-barcelona-rental-hero-group-beach-1600-v1.webp,https://rentalscooterbarcelona.com/images/rsb-barcelona-rental-hero-group-beach-1600-v1.webp,1600,900,1600,874,1.777778,1.830664,Relación declarada difiere 2.89% de la relación física,"Usar dimensiones coherentes con el recurso físico; referencia directa: width=""1600"" height=""874"", validando CSS.",images/rsb-barcelona-rental-hero-group-beach-1600-v1.webp,2.8889,RSB-002 · ZIP auditado + dimensiones físicas
EN,HOME,index.html,9.webp,https://rentalscooterbarcelona.com/images/9.webp,800,600,300,300,1.333333,1,Relación declarada difiere 33.33% de la relación física,"Usar dimensiones coherentes con el recurso físico; referencia directa: width=""300"" height=""300"", validando CSS.",images/9.webp,33.3333,RSB-002 · ZIP auditado + dimensiones físicas
EN,HOME,index.html,skateboards-rental-barcelona.webp,https://rentalscooterbarcelona.com/images/skateboards-rental-barcelona.webp,800,600,514,510,1.333333,1.007843,Relación declarada difiere 32.30% de la relación física,"Usar dimensiones coherentes con el recurso físico; referencia directa: width=""514"" height=""510"", validando CSS.",images/skateboards-rental-barcelona.webp,32.2957,RSB-002 · ZIP auditado + dimensiones físicas
EN,HOME,index.html,2.webp,https://rentalscooterbarcelona.com/images/2.webp,800,600,400,400,1.333333,1,Relación declarada difiere 33.33% de la relación física,"Usar dimensiones coherentes con el recurso físico; referencia directa: width=""400"" height=""400"", validando CSS.",images/2.webp,33.3333,RSB-002 · ZIP auditado + dimensiones físicas
EN,HOME,index.html,rsb-barcelona-rental-rsb-villa-olimpica-del-poble-nou--rent-skateboard-barcelona-soleado-800-v1.webp,https://rentalscooterbarcelona.com/images/rsb-barcelona-rental-rsb-villa-olimpica-del-poble-nou--rent-skateboard-barcelona-soleado-800-v1.webp,800,600,800,1200,1.333333,0.666667,Relación declarada difiere 100.00% de la relación física,"Usar dimensiones coherentes con el recurso físico; referencia directa: width=""800"" height=""1200"", validando CSS.",images/rsb-barcelona-rental-rsb-villa-olimpica-del-poble-nou--rent-skateboard-barcelona-soleado-800-v1.webp,100,RSB-002 · ZIP auditado + dimensiones físicas
EN,HOME,index.html,9.webp,https://rentalscooterbarcelona.com/images/9.webp,800,600,300,300,1.333333,1,Relación declarada difiere 33.33% de la relación física,"Usar dimensiones coherentes con el recurso físico; referencia directa: width=""300"" height=""300"", validando CSS.",images/9.webp,33.3333,RSB-002 · ZIP auditado + dimensiones físicas
EN,HOME,index.html,skateboards-rental-barcelona.webp,https://rentalscooterbarcelona.com/images/skateboards-rental-barcelona.webp,800,600,514,510,1.333333,1.007843,Relación declarada difiere 32.30% de la relación física,"Usar dimensiones coherentes con el recurso físico; referencia directa: width=""514"" height=""510"", validando CSS.",images/skateboards-rental-barcelona.webp,32.2957,RSB-002 · ZIP auditado + dimensiones físicas
EN,HOME,index.html,2.webp,https://rentalscooterbarcelona.com/images/2.webp,800,600,400,400,1.333333,1,Relación declarada difiere 33.33% de la relación física,"Usar dimensiones coherentes con el recurso físico; referencia directa: width=""400"" height=""400"", validando CSS.",images/2.webp,33.3333,RSB-002 · ZIP auditado + dimensiones físicas
EN,HOME,index.html,rsb-barcelona-rental-rsb-villa-olimpica-del-poble-nou--rent-skateboard-barcelona-soleado-800-v1.webp,https://rentalscooterbarcelona.com/images/rsb-barcelona-rental-rsb-villa-olimpica-del-poble-nou--rent-skateboard-barcelona-soleado-800-v1.webp,800,600,800,1200,1.333333,0.666667,Relación declarada difiere 100.00% de la relación física,"Usar dimensiones coherentes con el recurso físico; referencia directa: width=""800"" height=""1200"", validando CSS.",images/rsb-barcelona-rental-rsb-villa-olimpica-del-poble-nou--rent-skateboard-barcelona-soleado-800-v1.webp,100,RSB-002 · ZIP auditado + dimensiones físicas
NL,HOME,nl/index.html,rsb-barcelona-rental-hero-group-beach-1600-v1.webp,https://rentalscooterbarcelona.com/images/rsb-barcelona-rental-hero-group-beach-1600-v1.webp,1600,900,1600,874,1.777778,1.830664,Relación declarada difiere 2.89% de la relación física,"Usar dimensiones coherentes con el recurso físico; referencia directa: width=""1600"" height=""874"", validando CSS.",images/rsb-barcelona-rental-hero-group-beach-1600-v1.webp,2.8889,RSB-002 · ZIP auditado + dimensiones físicas
NL,HOME,nl/index.html,9.webp,https://rentalscooterbarcelona.com/images/9.webp,800,600,300,300,1.333333,1,Relación declarada difiere 33.33% de la relación física,"Usar dimensiones coherentes con el recurso físico; referencia directa: width=""300"" height=""300"", validando CSS.",images/9.webp,33.3333,RSB-002 · ZIP auditado + dimensiones físicas
NL,HOME,nl/index.html,skateboards-rental-barcelona.webp,https://rentalscooterbarcelona.com/images/skateboards-rental-barcelona.webp,800,600,514,510,1.333333,1.007843,Relación declarada difiere 32.30% de la relación física,"Usar dimensiones coherentes con el recurso físico; referencia directa: width=""514"" height=""510"", validando CSS.",images/skateboards-rental-barcelona.webp,32.2957,RSB-002 · ZIP auditado + dimensiones físicas
NL,HOME,nl/index.html,2.webp,https://rentalscooterbarcelona.com/images/2.webp,800,600,400,400,1.333333,1,Relación declarada difiere 33.33% de la relación física,"Usar dimensiones coherentes con el recurso físico; referencia directa: width=""400"" height=""400"", validando CSS.",images/2.webp,33.3333,RSB-002 · ZIP auditado + dimensiones físicas
NL,HOME,nl/index.html,rsb-barcelona-rental-rsb-villa-olimpica-del-poble-nou--rent-skateboard-barcelona-soleado-800-v1.webp,https://rentalscooterbarcelona.com/images/rsb-barcelona-rental-rsb-villa-olimpica-del-poble-nou--rent-skateboard-barcelona-soleado-800-v1.webp,800,600,800,1200,1.333333,0.666667,Relación declarada difiere 100.00% de la relación física,"Usar dimensiones coherentes con el recurso físico; referencia directa: width=""800"" height=""1200"", validando CSS.",images/rsb-barcelona-rental-rsb-villa-olimpica-del-poble-nou--rent-skateboard-barcelona-soleado-800-v1.webp,100,RSB-002 · ZIP auditado + dimensiones físicas
NL,HOME,nl/index.html,9.webp,https://rentalscooterbarcelona.com/images/9.webp,800,600,300,300,1.333333,1,Relación declarada difiere 33.33% de la relación física,"Usar dimensiones coherentes con el recurso físico; referencia directa: width=""300"" height=""300"", validando CSS.",images/9.webp,33.3333,RSB-002 · ZIP auditado + dimensiones físicas
NL,HOME,nl/index.html,skateboards-rental-barcelona.webp,https://rentalscooterbarcelona.com/images/skateboards-rental-barcelona.webp,800,600,514,510,1.333333,1.007843,Relación declarada difiere 32.30% de la relación física,"Usar dimensiones coherentes con el recurso físico; referencia directa: width=""514"" height=""510"", validando CSS.",images/skateboards-rental-barcelona.webp,32.2957,RSB-002 · ZIP auditado + dimensiones físicas
NL,HOME,nl/index.html,2.webp,https://rentalscooterbarcelona.com/images/2.webp,800,600,400,400,1.333333,1,Relación declarada difiere 33.33% de la relación física,"Usar dimensiones coherentes con el recurso físico; referencia directa: width=""400"" height=""400"", validando CSS.",images/2.webp,33.3333,RSB-002 · ZIP auditado + dimensiones físicas
NL,HOME,nl/index.html,rsb-barcelona-rental-rsb-villa-olimpica-del-poble-nou--rent-skateboard-barcelona-soleado-800-v1.webp,https://rentalscooterbarcelona.com/images/rsb-barcelona-rental-rsb-villa-olimpica-del-poble-nou--rent-skateboard-barcelona-soleado-800-v1.webp,800,600,800,1200,1.333333,0.666667,Relación declarada difiere 100.00% de la relación física,"Usar dimensiones coherentes con el recurso físico; referencia directa: width=""800"" height=""1200"", validando CSS.",images/rsb-barcelona-rental-rsb-villa-olimpica-del-poble-nou--rent-skateboard-barcelona-soleado-800-v1.webp,100,RSB-002 · ZIP auditado + dimensiones físicas
IT,HOME,it/index.html,rsb-barcelona-rental-hero-group-beach-1600-v1.webp,https://rentalscooterbarcelona.com/images/rsb-barcelona-rental-hero-group-beach-1600-v1.webp,1600,900,1600,874,1.777778,1.830664,Relación declarada difiere 2.89% de la relación física,"Usar dimensiones coherentes con el recurso físico; referencia directa: width=""1600"" height=""874"", validando CSS.",images/rsb-barcelona-rental-hero-group-beach-1600-v1.webp,2.8889,RSB-002 · ZIP auditado + dimensiones físicas
IT,HOME,it/index.html,9.webp,https://rentalscooterbarcelona.com/images/9.webp,800,600,300,300,1.333333,1,Relación declarada difiere 33.33% de la relación física,"Usar dimensiones coherentes con el recurso físico; referencia directa: width=""300"" height=""300"", validando CSS.",images/9.webp,33.3333,RSB-002 · ZIP auditado + dimensiones físicas
IT,HOME,it/index.html,skateboards-rental-barcelona.webp,https://rentalscooterbarcelona.com/images/skateboards-rental-barcelona.webp,800,600,514,510,1.333333,1.007843,Relación declarada difiere 32.30% de la relación física,"Usar dimensiones coherentes con el recurso físico; referencia directa: width=""514"" height=""510"", validando CSS.",images/skateboards-rental-barcelona.webp,32.2957,RSB-002 · ZIP auditado + dimensiones físicas
IT,HOME,it/index.html,2.webp,https://rentalscooterbarcelona.com/images/2.webp,800,600,400,400,1.333333,1,Relación declarada difiere 33.33% de la relación física,"Usar dimensiones coherentes con el recurso físico; referencia directa: width=""400"" height=""400"", validando CSS.",images/2.webp,33.3333,RSB-002 · ZIP auditado + dimensiones físicas
IT,HOME,it/index.html,rsb-barcelona-rental-rsb-villa-olimpica-del-poble-nou--rent-skateboard-barcelona-soleado-800-v1.webp,https://rentalscooterbarcelona.com/images/rsb-barcelona-rental-rsb-villa-olimpica-del-poble-nou--rent-skateboard-barcelona-soleado-800-v1.webp,800,600,800,1200,1.333333,0.666667,Relación declarada difiere 100.00% de la relación física,"Usar dimensiones coherentes con el recurso físico; referencia directa: width=""800"" height=""1200"", validando CSS.",images/rsb-barcelona-rental-rsb-villa-olimpica-del-poble-nou--rent-skateboard-barcelona-soleado-800-v1.webp,100,RSB-002 · ZIP auditado + dimensiones físicas
IT,HOME,it/index.html,9.webp,https://rentalscooterbarcelona.com/images/9.webp,800,600,300,300,1.333333,1,Relación declarada difiere 33.33% de la relación física,"Usar dimensiones coherentes con el recurso físico; referencia directa: width=""300"" height=""300"", validando CSS.",images/9.webp,33.3333,RSB-002 · ZIP auditado + dimensiones físicas
IT,HOME,it/index.html,skateboards-rental-barcelona.webp,https://rentalscooterbarcelona.com/images/skateboards-rental-barcelona.webp,800,600,514,510,1.333333,1.007843,Relación declarada difiere 32.30% de la relación física,"Usar dimensiones coherentes con el recurso físico; referencia directa: width=""514"" height=""510"", validando CSS.",images/skateboards-rental-barcelona.webp,32.2957,RSB-002 · ZIP auditado + dimensiones físicas
IT,HOME,it/index.html,2.webp,https://rentalscooterbarcelona.com/images/2.webp,800,600,400,400,1.333333,1,Relación declarada difiere 33.33% de la relación física,"Usar dimensiones coherentes con el recurso físico; referencia directa: width=""400"" height=""400"", validando CSS.",images/2.webp,33.3333,RSB-002 · ZIP auditado + dimensiones físicas
IT,HOME,it/index.html,rsb-barcelona-rental-rsb-villa-olimpica-del-poble-nou--rent-skateboard-barcelona-soleado-800-v1.webp,https://rentalscooterbarcelona.com/images/rsb-barcelona-rental-rsb-villa-olimpica-del-poble-nou--rent-skateboard-barcelona-soleado-800-v1.webp,800,600,800,1200,1.333333,0.666667,Relación declarada difiere 100.00% de la relación física,"Usar dimensiones coherentes con el recurso físico; referencia directa: width=""800"" height=""1200"", validando CSS.",images/rsb-barcelona-rental-rsb-villa-olimpica-del-poble-nou--rent-skateboard-barcelona-soleado-800-v1.webp,100,RSB-002 · ZIP auditado + dimensiones físicas
EN,SKATEBOARD,skateboard/index.html,rsb-skateboard-rental-barcelona-hero-group-beach-1600-v1.webp,https://rentalscooterbarcelona.com/images/rsb-skateboard-rental-barcelona-hero-group-beach-1600-v1.webp,1600,900,1600,1066,1.777778,1.500938,Relación declarada difiere 18.44% de la relación física,"Usar dimensiones coherentes con el recurso físico; referencia directa: width=""1600"" height=""1066"", validando CSS.",images/rsb-skateboard-rental-barcelona-hero-group-beach-1600-v1.webp,18.4444,RSB-002 · ZIP auditado + dimensiones físicas
EN,SKATEBOARD,skateboard/index.html,rsb-skateboard-rental-barcelona-vila-olimpica-800.webp,https://rentalscooterbarcelona.com/images/rsb-skateboard-rental-barcelona-vila-olimpica-800.webp,1200,675,800,360,1.777778,2.222222,Relación declarada difiere 20.00% de la relación física,"Usar dimensiones coherentes con el recurso físico; referencia directa: width=""800"" height=""360"", validando CSS.",images/rsb-skateboard-rental-barcelona-vila-olimpica-800.webp,20,RSB-002 · ZIP auditado + dimensiones físicas
EN,SKATEBOARD,skateboard/index.html,rsb-bike-rental-shop-olympic-village-barcelona.webp,https://rentalscooterbarcelona.com/images/rsb-bike-rental-shop-olympic-village-barcelona.webp,1200,675,480,720,1.777778,0.666667,Relación declarada difiere 166.67% de la relación física,"Usar dimensiones coherentes con el recurso físico; referencia directa: width=""480"" height=""720"", validando CSS.",images/rsb-bike-rental-shop-olympic-village-barcelona.webp,166.6667,RSB-002 · ZIP auditado + dimensiones físicas
EN,QUADS,quads/index.html,rsb-bike-rental-shop-olympic-village-barcelona.webp,https://rentalscooterbarcelona.com/images/rsb-bike-rental-shop-olympic-village-barcelona.webp,1200,675,480,720,1.777778,0.666667,Relación declarada difiere 166.67% de la relación física,"Usar dimensiones coherentes con el recurso físico; referencia directa: width=""480"" height=""720"", validando CSS.",images/rsb-bike-rental-shop-olympic-village-barcelona.webp,166.6667,RSB-002 · ZIP auditado + dimensiones físicas
EN,BIKE,bike/index.html,rsb-bike-rental-shop-olympic-village-barcelona.webp,https://rentalscooterbarcelona.com/images/rsb-bike-rental-shop-olympic-village-barcelona.webp,1200,675,480,720,1.777778,0.666667,Relación declarada difiere 166.67% de la relación física,"Usar dimensiones coherentes con el recurso físico; referencia directa: width=""480"" height=""720"", validando CSS.",images/rsb-bike-rental-shop-olympic-village-barcelona.webp,166.6667,RSB-002 · ZIP auditado + dimensiones físicas
EN,PRICES,Prices/index.html,rsb-barcelona-rental-hero-group-beach-800-v1.webp,https://rentalscooterbarcelona.com/images/rsb-barcelona-rental-hero-group-beach-800-v1.webp,800,449,800,437,1.781737,1.830664,Relación declarada difiere 2.67% de la relación física,"Usar dimensiones coherentes con el recurso físico; referencia directa: width=""800"" height=""437"", validando CSS.",images/rsb-barcelona-rental-hero-group-beach-800-v1.webp,2.6726,RSB-002 · ZIP auditado + dimensiones físicas
EN,PRICES,Prices/index.html,rsb-scooter-rental-barcelona-vila-olimpica-800.webp,https://rentalscooterbarcelona.com/images/rsb-scooter-rental-barcelona-vila-olimpica-800.webp,800,533,800,936,1.500938,0.854701,Relación declarada difiere 75.61% de la relación física,"Usar dimensiones coherentes con el recurso físico; referencia directa: width=""800"" height=""936"", validando CSS.",images/rsb-scooter-rental-barcelona-vila-olimpica-800.webp,75.6098,RSB-002 · ZIP auditado + dimensiones físicas
EN,PRICES,Prices/index.html,rsb-skateboard-rental-barcelona-vila-olimpica-800.webp,https://rentalscooterbarcelona.com/images/rsb-skateboard-rental-barcelona-vila-olimpica-800.webp,800,533,800,360,1.500938,2.222222,Relación declarada difiere 32.46% de la relación física,"Usar dimensiones coherentes con el recurso físico; referencia directa: width=""800"" height=""360"", validando CSS.",images/rsb-skateboard-rental-barcelona-vila-olimpica-800.webp,32.4578,RSB-002 · ZIP auditado + dimensiones físicas
EN,PRICES,Prices/index.html,rsb-barcelona-rental-shop-interior-inline-skates-bike-vila-olimpica-640.webp,https://rentalscooterbarcelona.com/images/rsb-barcelona-rental-shop-interior-inline-skates-bike-vila-olimpica-640.webp,1200,800,640,336,1.5,1.904762,Relación declarada difiere 21.25% de la relación física,"Usar dimensiones coherentes con el recurso físico; referencia directa: width=""640"" height=""336"", validando CSS.",images/rsb-barcelona-rental-shop-interior-inline-skates-bike-vila-olimpica-640.webp,21.25,RSB-002 · ZIP auditado + dimensiones físicas
EN,PRICES,Prices/index.html,rsb-bike-rental-shop-olympic-village-barcelona.webp,https://rentalscooterbarcelona.com/images/rsb-bike-rental-shop-olympic-village-barcelona.webp,1200,675,480,720,1.777778,0.666667,Relación declarada difiere 166.67% de la relación física,"Usar dimensiones coherentes con el recurso físico; referencia directa: width=""480"" height=""720"", validando CSS.",images/rsb-bike-rental-shop-olympic-village-barcelona.webp,166.6667,RSB-002 · ZIP auditado + dimensiones físicas
EN,PRICES,Prices/index.html,rsb-barcelona-rental-hero-group-beach-800-v1.webp,https://rentalscooterbarcelona.com/images/rsb-barcelona-rental-hero-group-beach-800-v1.webp,1600,899,800,437,1.779755,1.830664,Relación declarada difiere 2.78% de la relación física,"Usar dimensiones coherentes con el recurso físico; referencia directa: width=""800"" height=""437"", validando CSS.",images/rsb-barcelona-rental-hero-group-beach-800-v1.webp,2.7809,RSB-002 · ZIP auditado + dimensiones físicas
PT,HOME,pt/index.html,rsb-barcelona-rental-hero-group-beach-1600-v1.webp,https://rentalscooterbarcelona.com/images/rsb-barcelona-rental-hero-group-beach-1600-v1.webp,1600,900,1600,874,1.777778,1.830664,Relación declarada difiere 2.89% de la relación física,"Usar dimensiones coherentes con el recurso físico; referencia directa: width=""1600"" height=""874"", validando CSS.",images/rsb-barcelona-rental-hero-group-beach-1600-v1.webp,2.8889,RSB-002 · ZIP auditado + dimensiones físicas
PT,HOME,pt/index.html,9.webp,https://rentalscooterbarcelona.com/images/9.webp,800,600,300,300,1.333333,1,Relación declarada difiere 33.33% de la relación física,"Usar dimensiones coherentes con el recurso físico; referencia directa: width=""300"" height=""300"", validando CSS.",images/9.webp,33.3333,RSB-002 · ZIP auditado + dimensiones físicas
PT,HOME,pt/index.html,skateboards-rental-barcelona.webp,https://rentalscooterbarcelona.com/images/skateboards-rental-barcelona.webp,800,600,514,510,1.333333,1.007843,Relación declarada difiere 32.30% de la relación física,"Usar dimensiones coherentes con el recurso físico; referencia directa: width=""514"" height=""510"", validando CSS.",images/skateboards-rental-barcelona.webp,32.2957,RSB-002 · ZIP auditado + dimensiones físicas
PT,HOME,pt/index.html,2.webp,https://rentalscooterbarcelona.com/images/2.webp,800,600,400,400,1.333333,1,Relación declarada difiere 33.33% de la relación física,"Usar dimensiones coherentes con el recurso físico; referencia directa: width=""400"" height=""400"", validando CSS.",images/2.webp,33.3333,RSB-002 · ZIP auditado + dimensiones físicas
PT,HOME,pt/index.html,rsb-barcelona-rental-rsb-villa-olimpica-del-poble-nou--rent-skateboard-barcelona-soleado-800-v1.webp,https://rentalscooterbarcelona.com/images/rsb-barcelona-rental-rsb-villa-olimpica-del-poble-nou--rent-skateboard-barcelona-soleado-800-v1.webp,800,600,800,1200,1.333333,0.666667,Relación declarada difiere 100.00% de la relación física,"Usar dimensiones coherentes con el recurso físico; referencia directa: width=""800"" height=""1200"", validando CSS.",images/rsb-barcelona-rental-rsb-villa-olimpica-del-poble-nou--rent-skateboard-barcelona-soleado-800-v1.webp,100,RSB-002 · ZIP auditado + dimensiones físicas
PT,HOME,pt/index.html,9.webp,https://rentalscooterbarcelona.com/images/9.webp,800,600,300,300,1.333333,1,Relación declarada difiere 33.33% de la relación física,"Usar dimensiones coherentes con el recurso físico; referencia directa: width=""300"" height=""300"", validando CSS.",images/9.webp,33.3333,RSB-002 · ZIP auditado + dimensiones físicas
PT,HOME,pt/index.html,skateboards-rental-barcelona.webp,https://rentalscooterbarcelona.com/images/skateboards-rental-barcelona.webp,800,600,514,510,1.333333,1.007843,Relación declarada difiere 32.30% de la relación física,"Usar dimensiones coherentes con el recurso físico; referencia directa: width=""514"" height=""510"", validando CSS.",images/skateboards-rental-barcelona.webp,32.2957,RSB-002 · ZIP auditado + dimensiones físicas
PT,HOME,pt/index.html,2.webp,https://rentalscooterbarcelona.com/images/2.webp,800,600,400,400,1.333333,1,Relación declarada difiere 33.33% de la relación física,"Usar dimensiones coherentes con el recurso físico; referencia directa: width=""400"" height=""400"", validando CSS.",images/2.webp,33.3333,RSB-002 · ZIP auditado + dimensiones físicas
PT,HOME,pt/index.html,rsb-barcelona-rental-rsb-villa-olimpica-del-poble-nou--rent-skateboard-barcelona-soleado-800-v1.webp,https://rentalscooterbarcelona.com/images/rsb-barcelona-rental-rsb-villa-olimpica-del-poble-nou--rent-skateboard-barcelona-soleado-800-v1.webp,800,600,800,1200,1.333333,0.666667,Relación declarada difiere 100.00% de la relación física,"Usar dimensiones coherentes con el recurso físico; referencia directa: width=""800"" height=""1200"", validando CSS.",images/rsb-barcelona-rental-rsb-villa-olimpica-del-poble-nou--rent-skateboard-barcelona-soleado-800-v1.webp,100,RSB-002 · ZIP auditado + dimensiones físicas
ES,HOME,es/index.html,rsb-barcelona-rental-hero-group-beach-1600-v1.webp,https://rentalscooterbarcelona.com/images/rsb-barcelona-rental-hero-group-beach-1600-v1.webp,1600,900,1600,874,1.777778,1.830664,Relación declarada difiere 2.89% de la relación física,"Usar dimensiones coherentes con el recurso físico; referencia directa: width=""1600"" height=""874"", validando CSS.",images/rsb-barcelona-rental-hero-group-beach-1600-v1.webp,2.8889,RSB-002 · ZIP auditado + dimensiones físicas
ES,HOME,es/index.html,9.webp,https://rentalscooterbarcelona.com/images/9.webp,800,600,300,300,1.333333,1,Relación declarada difiere 33.33% de la relación física,"Usar dimensiones coherentes con el recurso físico; referencia directa: width=""300"" height=""300"", validando CSS.",images/9.webp,33.3333,RSB-002 · ZIP auditado + dimensiones físicas
ES,HOME,es/index.html,skateboards-rental-barcelona.webp,https://rentalscooterbarcelona.com/images/skateboards-rental-barcelona.webp,800,600,514,510,1.333333,1.007843,Relación declarada difiere 32.30% de la relación física,"Usar dimensiones coherentes con el recurso físico; referencia directa: width=""514"" height=""510"", validando CSS.",images/skateboards-rental-barcelona.webp,32.2957,RSB-002 · ZIP auditado + dimensiones físicas
ES,HOME,es/index.html,2.webp,https://rentalscooterbarcelona.com/images/2.webp,800,600,400,400,1.333333,1,Relación declarada difiere 33.33% de la relación física,"Usar dimensiones coherentes con el recurso físico; referencia directa: width=""400"" height=""400"", validando CSS.",images/2.webp,33.3333,RSB-002 · ZIP auditado + dimensiones físicas
ES,HOME,es/index.html,rsb-barcelona-rental-rsb-villa-olimpica-del-poble-nou--rent-skateboard-barcelona-soleado-800-v1.webp,https://rentalscooterbarcelona.com/images/rsb-barcelona-rental-rsb-villa-olimpica-del-poble-nou--rent-skateboard-barcelona-soleado-800-v1.webp,800,600,800,1200,1.333333,0.666667,Relación declarada difiere 100.00% de la relación física,"Usar dimensiones coherentes con el recurso físico; referencia directa: width=""800"" height=""1200"", validando CSS.",images/rsb-barcelona-rental-rsb-villa-olimpica-del-poble-nou--rent-skateboard-barcelona-soleado-800-v1.webp,100,RSB-002 · ZIP auditado + dimensiones físicas
ES,HOME,es/index.html,9.webp,https://rentalscooterbarcelona.com/images/9.webp,800,600,300,300,1.333333,1,Relación declarada difiere 33.33% de la relación física,"Usar dimensiones coherentes con el recurso físico; referencia directa: width=""300"" height=""300"", validando CSS.",images/9.webp,33.3333,RSB-002 · ZIP auditado + dimensiones físicas
ES,HOME,es/index.html,skateboards-rental-barcelona.webp,https://rentalscooterbarcelona.com/images/skateboards-rental-barcelona.webp,800,600,514,510,1.333333,1.007843,Relación declarada difiere 32.30% de la relación física,"Usar dimensiones coherentes con el recurso físico; referencia directa: width=""514"" height=""510"", validando CSS.",images/skateboards-rental-barcelona.webp,32.2957,RSB-002 · ZIP auditado + dimensiones físicas
ES,HOME,es/index.html,2.webp,https://rentalscooterbarcelona.com/images/2.webp,800,600,400,400,1.333333,1,Relación declarada difiere 33.33% de la relación física,"Usar dimensiones coherentes con el recurso físico; referencia directa: width=""400"" height=""400"", validando CSS.",images/2.webp,33.3333,RSB-002 · ZIP auditado + dimensiones físicas
ES,HOME,es/index.html,rsb-barcelona-rental-rsb-villa-olimpica-del-poble-nou--rent-skateboard-barcelona-soleado-800-v1.webp,https://rentalscooterbarcelona.com/images/rsb-barcelona-rental-rsb-villa-olimpica-del-poble-nou--rent-skateboard-barcelona-soleado-800-v1.webp,800,600,800,1200,1.333333,0.666667,Relación declarada difiere 100.00% de la relación física,"Usar dimensiones coherentes con el recurso físico; referencia directa: width=""800"" height=""1200"", validando CSS.",images/rsb-barcelona-rental-rsb-villa-olimpica-del-poble-nou--rent-skateboard-barcelona-soleado-800-v1.webp,100,RSB-002 · ZIP auditado + dimensiones físicas
EN,ROLLERBLADES,rollerblades/index.html,rsb-rollerblades-rental-barcelona-hero-group-beach-1600-v1.webp,https://rentalscooterbarcelona.com/images/rsb-rollerblades-rental-barcelona-hero-group-beach-1600-v1.webp,1600,900,1600,874,1.777778,1.830664,Relación declarada difiere 2.89% de la relación física,"Usar dimensiones coherentes con el recurso físico; referencia directa: width=""1600"" height=""874"", validando CSS.",images/rsb-rollerblades-rental-barcelona-hero-group-beach-1600-v1.webp,2.8889,RSB-002 · ZIP auditado + dimensiones físicas
EN,ROLLERBLADES,rollerblades/index.html,rsb-rollerblades-rental-barcelona-hero-group-beach-1600-v1.webp,https://rentalscooterbarcelona.com/images/rsb-rollerblades-rental-barcelona-hero-group-beach-1600-v1.webp,1600,900,1600,874,1.777778,1.830664,Relación declarada difiere 2.89% de la relación física,"Usar dimensiones coherentes con el recurso físico; referencia directa: width=""1600"" height=""874"", validando CSS.",images/rsb-rollerblades-rental-barcelona-hero-group-beach-1600-v1.webp,2.8889,RSB-002 · ZIP auditado + dimensiones físicas
EN,ROLLERBLADES,rollerblades/index.html,rsb-bike-rental-shop-olympic-village-barcelona.webp,https://rentalscooterbarcelona.com/images/rsb-bike-rental-shop-olympic-village-barcelona.webp,1200,675,480,720,1.777778,0.666667,Relación declarada difiere 166.67% de la relación física,"Usar dimensiones coherentes con el recurso físico; referencia directa: width=""480"" height=""720"", validando CSS.",images/rsb-bike-rental-shop-olympic-village-barcelona.webp,166.6667,RSB-002 · ZIP auditado + dimensiones físicas
FR,HOME,fr/index.html,rsb-barcelona-rental-hero-group-beach-1600-v1.webp,https://rentalscooterbarcelona.com/images/rsb-barcelona-rental-hero-group-beach-1600-v1.webp,1600,900,1600,874,1.777778,1.830664,Relación declarada difiere 2.89% de la relación física,"Usar dimensiones coherentes con el recurso físico; referencia directa: width=""1600"" height=""874"", validando CSS.",images/rsb-barcelona-rental-hero-group-beach-1600-v1.webp,2.8889,RSB-002 · ZIP auditado + dimensiones físicas
FR,HOME,fr/index.html,9.webp,https://rentalscooterbarcelona.com/images/9.webp,800,600,300,300,1.333333,1,Relación declarada difiere 33.33% de la relación física,"Usar dimensiones coherentes con el recurso físico; referencia directa: width=""300"" height=""300"", validando CSS.",images/9.webp,33.3333,RSB-002 · ZIP auditado + dimensiones físicas
FR,HOME,fr/index.html,skateboards-rental-barcelona.webp,https://rentalscooterbarcelona.com/images/skateboards-rental-barcelona.webp,800,600,514,510,1.333333,1.007843,Relación declarada difiere 32.30% de la relación física,"Usar dimensiones coherentes con el recurso físico; referencia directa: width=""514"" height=""510"", validando CSS.",images/skateboards-rental-barcelona.webp,32.2957,RSB-002 · ZIP auditado + dimensiones físicas
FR,HOME,fr/index.html,2.webp,https://rentalscooterbarcelona.com/images/2.webp,800,600,400,400,1.333333,1,Relación declarada difiere 33.33% de la relación física,"Usar dimensiones coherentes con el recurso físico; referencia directa: width=""400"" height=""400"", validando CSS.",images/2.webp,33.3333,RSB-002 · ZIP auditado + dimensiones físicas
FR,HOME,fr/index.html,rsb-barcelona-rental-rsb-villa-olimpica-del-poble-nou--rent-skateboard-barcelona-soleado-800-v1.webp,https://rentalscooterbarcelona.com/images/rsb-barcelona-rental-rsb-villa-olimpica-del-poble-nou--rent-skateboard-barcelona-soleado-800-v1.webp,800,600,800,1200,1.333333,0.666667,Relación declarada difiere 100.00% de la relación física,"Usar dimensiones coherentes con el recurso físico; referencia directa: width=""800"" height=""1200"", validando CSS.",images/rsb-barcelona-rental-rsb-villa-olimpica-del-poble-nou--rent-skateboard-barcelona-soleado-800-v1.webp,100,RSB-002 · ZIP auditado + dimensiones físicas
FR,HOME,fr/index.html,9.webp,https://rentalscooterbarcelona.com/images/9.webp,800,600,300,300,1.333333,1,Relación declarada difiere 33.33% de la relación física,"Usar dimensiones coherentes con el recurso físico; referencia directa: width=""300"" height=""300"", validando CSS.",images/9.webp,33.3333,RSB-002 · ZIP auditado + dimensiones físicas
FR,HOME,fr/index.html,skateboards-rental-barcelona.webp,https://rentalscooterbarcelona.com/images/skateboards-rental-barcelona.webp,800,600,514,510,1.333333,1.007843,Relación declarada difiere 32.30% de la relación física,"Usar dimensiones coherentes con el recurso físico; referencia directa: width=""514"" height=""510"", validando CSS.",images/skateboards-rental-barcelona.webp,32.2957,RSB-002 · ZIP auditado + dimensiones físicas
FR,HOME,fr/index.html,2.webp,https://rentalscooterbarcelona.com/images/2.webp,800,600,400,400,1.333333,1,Relación declarada difiere 33.33% de la relación física,"Usar dimensiones coherentes con el recurso físico; referencia directa: width=""400"" height=""400"", validando CSS.",images/2.webp,33.3333,RSB-002 · ZIP auditado + dimensiones físicas
FR,HOME,fr/index.html,rsb-barcelona-rental-rsb-villa-olimpica-del-poble-nou--rent-skateboard-barcelona-soleado-800-v1.webp,https://rentalscooterbarcelona.com/images/rsb-barcelona-rental-rsb-villa-olimpica-del-poble-nou--rent-skateboard-barcelona-soleado-800-v1.webp,800,600,800,1200,1.333333,0.666667,Relación declarada difiere 100.00% de la relación física,"Usar dimensiones coherentes con el recurso físico; referencia directa: width=""800"" height=""1200"", validando CSS.",images/rsb-barcelona-rental-rsb-villa-olimpica-del-poble-nou--rent-skateboard-barcelona-soleado-800-v1.webp,100,RSB-002 · ZIP auditado + dimensiones físicas
EN,LOCATION_CONTACT,location-contact/index.html,rsb-rental-scooter-barcelona-shop-vila-olimpica.webp,https://rentalscooterbarcelona.com/images/rsb-rental-scooter-barcelona-shop-vila-olimpica.webp,1200,800,585,594,1.5,0.984848,Relación declarada difiere 52.31% de la relación física,"Usar dimensiones coherentes con el recurso físico; referencia directa: width=""585"" height=""594"", validando CSS.",images/rsb-rental-scooter-barcelona-shop-vila-olimpica.webp,52.3077,RSB-002 · ZIP auditado + dimensiones físicas
EN,BLOG_INDEX,blog/index.html,rsb-barcelona-rental-hero-group-beach-1600-v1.webp,https://rentalscooterbarcelona.com/images/rsb-barcelona-rental-hero-group-beach-1600-v1.webp,1600,900,1600,874,1.777778,1.830664,Relación declarada difiere 2.89% de la relación física,"Usar dimensiones coherentes con el recurso físico; referencia directa: width=""1600"" height=""874"", validando CSS.",images/rsb-barcelona-rental-hero-group-beach-1600-v1.webp,2.8889,RSB-002 · ZIP auditado + dimensiones físicas
CA,HOME,cat/index.html,rsb-barcelona-rental-hero-group-beach-1600-v1.webp,https://rentalscooterbarcelona.com/images/rsb-barcelona-rental-hero-group-beach-1600-v1.webp,1600,900,1600,874,1.777778,1.830664,Relación declarada difiere 2.89% de la relación física,"Usar dimensiones coherentes con el recurso físico; referencia directa: width=""1600"" height=""874"", validando CSS.",images/rsb-barcelona-rental-hero-group-beach-1600-v1.webp,2.8889,RSB-002 · ZIP auditado + dimensiones físicas
CA,HOME,cat/index.html,9.webp,https://rentalscooterbarcelona.com/images/9.webp,800,600,300,300,1.333333,1,Relación declarada difiere 33.33% de la relación física,"Usar dimensiones coherentes con el recurso físico; referencia directa: width=""300"" height=""300"", validando CSS.",images/9.webp,33.3333,RSB-002 · ZIP auditado + dimensiones físicas
CA,HOME,cat/index.html,skateboards-rental-barcelona.webp,https://rentalscooterbarcelona.com/images/skateboards-rental-barcelona.webp,800,600,514,510,1.333333,1.007843,Relación declarada difiere 32.30% de la relación física,"Usar dimensiones coherentes con el recurso físico; referencia directa: width=""514"" height=""510"", validando CSS.",images/skateboards-rental-barcelona.webp,32.2957,RSB-002 · ZIP auditado + dimensiones físicas
CA,HOME,cat/index.html,2.webp,https://rentalscooterbarcelona.com/images/2.webp,800,600,400,400,1.333333,1,Relación declarada difiere 33.33% de la relación física,"Usar dimensiones coherentes con el recurso físico; referencia directa: width=""400"" height=""400"", validando CSS.",images/2.webp,33.3333,RSB-002 · ZIP auditado + dimensiones físicas
CA,HOME,cat/index.html,rsb-barcelona-rental-rsb-villa-olimpica-del-poble-nou--rent-skateboard-barcelona-soleado-800-v1.webp,https://rentalscooterbarcelona.com/images/rsb-barcelona-rental-rsb-villa-olimpica-del-poble-nou--rent-skateboard-barcelona-soleado-800-v1.webp,800,600,800,1200,1.333333,0.666667,Relación declarada difiere 100.00% de la relación física,"Usar dimensiones coherentes con el recurso físico; referencia directa: width=""800"" height=""1200"", validando CSS.",images/rsb-barcelona-rental-rsb-villa-olimpica-del-poble-nou--rent-skateboard-barcelona-soleado-800-v1.webp,100,RSB-002 · ZIP auditado + dimensiones físicas
CA,HOME,cat/index.html,9.webp,https://rentalscooterbarcelona.com/images/9.webp,800,600,300,300,1.333333,1,Relación declarada difiere 33.33% de la relación física,"Usar dimensiones coherentes con el recurso físico; referencia directa: width=""300"" height=""300"", validando CSS.",images/9.webp,33.3333,RSB-002 · ZIP auditado + dimensiones físicas
CA,HOME,cat/index.html,skateboards-rental-barcelona.webp,https://rentalscooterbarcelona.com/images/skateboards-rental-barcelona.webp,800,600,514,510,1.333333,1.007843,Relación declarada difiere 32.30% de la relación física,"Usar dimensiones coherentes con el recurso físico; referencia directa: width=""514"" height=""510"", validando CSS.",images/skateboards-rental-barcelona.webp,32.2957,RSB-002 · ZIP auditado + dimensiones físicas
CA,HOME,cat/index.html,2.webp,https://rentalscooterbarcelona.com/images/2.webp,800,600,400,400,1.333333,1,Relación declarada difiere 33.33% de la relación física,"Usar dimensiones coherentes con el recurso físico; referencia directa: width=""400"" height=""400"", validando CSS.",images/2.webp,33.3333,RSB-002 · ZIP auditado + dimensiones físicas
CA,HOME,cat/index.html,rsb-barcelona-rental-rsb-villa-olimpica-del-poble-nou--rent-skateboard-barcelona-soleado-800-v1.webp,https://rentalscooterbarcelona.com/images/rsb-barcelona-rental-rsb-villa-olimpica-del-poble-nou--rent-skateboard-barcelona-soleado-800-v1.webp,800,600,800,1200,1.333333,0.666667,Relación declarada difiere 100.00% de la relación física,"Usar dimensiones coherentes con el recurso físico; referencia directa: width=""800"" height=""1200"", validando CSS.",images/rsb-barcelona-rental-rsb-villa-olimpica-del-poble-nou--rent-skateboard-barcelona-soleado-800-v1.webp,100,RSB-002 · ZIP auditado + dimensiones físicas
SV,HOME,sv/index.html,rsb-barcelona-rental-hero-group-beach-1600-v1.webp,https://rentalscooterbarcelona.com/images/rsb-barcelona-rental-hero-group-beach-1600-v1.webp,1600,900,1600,874,1.777778,1.830664,Relación declarada difiere 2.89% de la relación física,"Usar dimensiones coherentes con el recurso físico; referencia directa: width=""1600"" height=""874"", validando CSS.",images/rsb-barcelona-rental-hero-group-beach-1600-v1.webp,2.8889,RSB-002 · ZIP auditado + dimensiones físicas
SV,HOME,sv/index.html,9.webp,https://rentalscooterbarcelona.com/images/9.webp,800,600,300,300,1.333333,1,Relación declarada difiere 33.33% de la relación física,"Usar dimensiones coherentes con el recurso físico; referencia directa: width=""300"" height=""300"", validando CSS.",images/9.webp,33.3333,RSB-002 · ZIP auditado + dimensiones físicas
SV,HOME,sv/index.html,skateboards-rental-barcelona.webp,https://rentalscooterbarcelona.com/images/skateboards-rental-barcelona.webp,800,600,514,510,1.333333,1.007843,Relación declarada difiere 32.30% de la relación física,"Usar dimensiones coherentes con el recurso físico; referencia directa: width=""514"" height=""510"", validando CSS.",images/skateboards-rental-barcelona.webp,32.2957,RSB-002 · ZIP auditado + dimensiones físicas
SV,HOME,sv/index.html,2.webp,https://rentalscooterbarcelona.com/images/2.webp,800,600,400,400,1.333333,1,Relación declarada difiere 33.33% de la relación física,"Usar dimensiones coherentes con el recurso físico; referencia directa: width=""400"" height=""400"", validando CSS.",images/2.webp,33.3333,RSB-002 · ZIP auditado + dimensiones físicas
SV,HOME,sv/index.html,rsb-barcelona-rental-rsb-villa-olimpica-del-poble-nou--rent-skateboard-barcelona-soleado-800-v1.webp,https://rentalscooterbarcelona.com/images/rsb-barcelona-rental-rsb-villa-olimpica-del-poble-nou--rent-skateboard-barcelona-soleado-800-v1.webp,800,600,800,1200,1.333333,0.666667,Relación declarada difiere 100.00% de la relación física,"Usar dimensiones coherentes con el recurso físico; referencia directa: width=""800"" height=""1200"", validando CSS.",images/rsb-barcelona-rental-rsb-villa-olimpica-del-poble-nou--rent-skateboard-barcelona-soleado-800-v1.webp,100,RSB-002 · ZIP auditado + dimensiones físicas
SV,HOME,sv/index.html,9.webp,https://rentalscooterbarcelona.com/images/9.webp,800,600,300,300,1.333333,1,Relación declarada difiere 33.33% de la relación física,"Usar dimensiones coherentes con el recurso físico; referencia directa: width=""300"" height=""300"", validando CSS.",images/9.webp,33.3333,RSB-002 · ZIP auditado + dimensiones físicas
SV,HOME,sv/index.html,skateboards-rental-barcelona.webp,https://rentalscooterbarcelona.com/images/skateboards-rental-barcelona.webp,800,600,514,510,1.333333,1.007843,Relación declarada difiere 32.30% de la relación física,"Usar dimensiones coherentes con el recurso físico; referencia directa: width=""514"" height=""510"", validando CSS.",images/skateboards-rental-barcelona.webp,32.2957,RSB-002 · ZIP auditado + dimensiones físicas
SV,HOME,sv/index.html,2.webp,https://rentalscooterbarcelona.com/images/2.webp,800,600,400,400,1.333333,1,Relación declarada difiere 33.33% de la relación física,"Usar dimensiones coherentes con el recurso físico; referencia directa: width=""400"" height=""400"", validando CSS.",images/2.webp,33.3333,RSB-002 · ZIP auditado + dimensiones físicas
SV,HOME,sv/index.html,rsb-barcelona-rental-rsb-villa-olimpica-del-poble-nou--rent-skateboard-barcelona-soleado-800-v1.webp,https://rentalscooterbarcelona.com/images/rsb-barcelona-rental-rsb-villa-olimpica-del-poble-nou--rent-skateboard-barcelona-soleado-800-v1.webp,800,600,800,1200,1.333333,0.666667,Relación declarada difiere 100.00% de la relación física,"Usar dimensiones coherentes con el recurso físico; referencia directa: width=""800"" height=""1200"", validando CSS.",images/rsb-barcelona-rental-rsb-villa-olimpica-del-poble-nou--rent-skateboard-barcelona-soleado-800-v1.webp,100,RSB-002 · ZIP auditado + dimensiones físicas
DE,HOME,de/index.html,rsb-barcelona-rental-hero-group-beach-1600-v1.webp,https://rentalscooterbarcelona.com/images/rsb-barcelona-rental-hero-group-beach-1600-v1.webp,1600,900,1600,874,1.777778,1.830664,Relación declarada difiere 2.89% de la relación física,"Usar dimensiones coherentes con el recurso físico; referencia directa: width=""1600"" height=""874"", validando CSS.",images/rsb-barcelona-rental-hero-group-beach-1600-v1.webp,2.8889,RSB-002 · ZIP auditado + dimensiones físicas
DE,HOME,de/index.html,9.webp,https://rentalscooterbarcelona.com/images/9.webp,800,600,300,300,1.333333,1,Relación declarada difiere 33.33% de la relación física,"Usar dimensiones coherentes con el recurso físico; referencia directa: width=""300"" height=""300"", validando CSS.",images/9.webp,33.3333,RSB-002 · ZIP auditado + dimensiones físicas
DE,HOME,de/index.html,skateboards-rental-barcelona.webp,https://rentalscooterbarcelona.com/images/skateboards-rental-barcelona.webp,800,600,514,510,1.333333,1.007843,Relación declarada difiere 32.30% de la relación física,"Usar dimensiones coherentes con el recurso físico; referencia directa: width=""514"" height=""510"", validando CSS.",images/skateboards-rental-barcelona.webp,32.2957,RSB-002 · ZIP auditado + dimensiones físicas
DE,HOME,de/index.html,2.webp,https://rentalscooterbarcelona.com/images/2.webp,800,600,400,400,1.333333,1,Relación declarada difiere 33.33% de la relación física,"Usar dimensiones coherentes con el recurso físico; referencia directa: width=""400"" height=""400"", validando CSS.",images/2.webp,33.3333,RSB-002 · ZIP auditado + dimensiones físicas
DE,HOME,de/index.html,rsb-barcelona-rental-rsb-villa-olimpica-del-poble-nou--rent-skateboard-barcelona-soleado-800-v1.webp,https://rentalscooterbarcelona.com/images/rsb-barcelona-rental-rsb-villa-olimpica-del-poble-nou--rent-skateboard-barcelona-soleado-800-v1.webp,800,600,800,1200,1.333333,0.666667,Relación declarada difiere 100.00% de la relación física,"Usar dimensiones coherentes con el recurso físico; referencia directa: width=""800"" height=""1200"", validando CSS.",images/rsb-barcelona-rental-rsb-villa-olimpica-del-poble-nou--rent-skateboard-barcelona-soleado-800-v1.webp,100,RSB-002 · ZIP auditado + dimensiones físicas
DE,HOME,de/index.html,9.webp,https://rentalscooterbarcelona.com/images/9.webp,800,600,300,300,1.333333,1,Relación declarada difiere 33.33% de la relación física,"Usar dimensiones coherentes con el recurso físico; referencia directa: width=""300"" height=""300"", validando CSS.",images/9.webp,33.3333,RSB-002 · ZIP auditado + dimensiones físicas
DE,HOME,de/index.html,skateboards-rental-barcelona.webp,https://rentalscooterbarcelona.com/images/skateboards-rental-barcelona.webp,800,600,514,510,1.333333,1.007843,Relación declarada difiere 32.30% de la relación física,"Usar dimensiones coherentes con el recurso físico; referencia directa: width=""514"" height=""510"", validando CSS.",images/skateboards-rental-barcelona.webp,32.2957,RSB-002 · ZIP auditado + dimensiones físicas
DE,HOME,de/index.html,2.webp,https://rentalscooterbarcelona.com/images/2.webp,800,600,400,400,1.333333,1,Relación declarada difiere 33.33% de la relación física,"Usar dimensiones coherentes con el recurso físico; referencia directa: width=""400"" height=""400"", validando CSS.",images/2.webp,33.3333,RSB-002 · ZIP auditado + dimensiones físicas
DE,HOME,de/index.html,rsb-barcelona-rental-rsb-villa-olimpica-del-poble-nou--rent-skateboard-barcelona-soleado-800-v1.webp,https://rentalscooterbarcelona.com/images/rsb-barcelona-rental-rsb-villa-olimpica-del-poble-nou--rent-skateboard-barcelona-soleado-800-v1.webp,800,600,800,1200,1.333333,0.666667,Relación declarada difiere 100.00% de la relación física,"Usar dimensiones coherentes con el recurso físico; referencia directa: width=""800"" height=""1200"", validando CSS.",images/rsb-barcelona-rental-rsb-villa-olimpica-del-poble-nou--rent-skateboard-barcelona-soleado-800-v1.webp,100,RSB-002 · ZIP auditado + dimensiones físicas
EN,SCOOTER,scooter/index.html,rsb-scooter-rental-barcelona-hero-group-v1-1536.webp,https://rentalscooterbarcelona.com/images/rsb-scooter-rental-barcelona-hero-group-v1-1536.webp,1536,864,1536,672,1.777778,2.285714,Relación declarada difiere 22.22% de la relación física,"Usar dimensiones coherentes con el recurso físico; referencia directa: width=""1536"" height=""672"", validando CSS.",images/rsb-scooter-rental-barcelona-hero-group-v1-1536.webp,22.2222,RSB-002 · ZIP auditado + dimensiones físicas
EN,SCOOTER,scooter/index.html,rsb-rental-scooter-barcelona-shop-vila-olimpica.webp,https://rentalscooterbarcelona.com/images/rsb-rental-scooter-barcelona-shop-vila-olimpica.webp,1200,675,585,594,1.777778,0.984848,Relación declarada difiere 80.51% de la relación física,"Usar dimensiones coherentes con el recurso físico; referencia directa: width=""585"" height=""594"", validando CSS.",images/rsb-rental-scooter-barcelona-shop-vila-olimpica.webp,80.5128,RSB-002 · ZIP auditado + dimensiones físicas
PL,HOME,pl/index.html,rsb-barcelona-rental-hero-group-beach-1600-v1.webp,https://rentalscooterbarcelona.com/images/rsb-barcelona-rental-hero-group-beach-1600-v1.webp,1600,900,1600,874,1.777778,1.830664,Relación declarada difiere 2.89% de la relación física,"Usar dimensiones coherentes con el recurso físico; referencia directa: width=""1600"" height=""874"", validando CSS.",images/rsb-barcelona-rental-hero-group-beach-1600-v1.webp,2.8889,RSB-002 · ZIP auditado + dimensiones físicas
PL,HOME,pl/index.html,9.webp,https://rentalscooterbarcelona.com/images/9.webp,800,600,300,300,1.333333,1,Relación declarada difiere 33.33% de la relación física,"Usar dimensiones coherentes con el recurso físico; referencia directa: width=""300"" height=""300"", validando CSS.",images/9.webp,33.3333,RSB-002 · ZIP auditado + dimensiones físicas
PL,HOME,pl/index.html,skateboards-rental-barcelona.webp,https://rentalscooterbarcelona.com/images/skateboards-rental-barcelona.webp,800,600,514,510,1.333333,1.007843,Relación declarada difiere 32.30% de la relación física,"Usar dimensiones coherentes con el recurso físico; referencia directa: width=""514"" height=""510"", validando CSS.",images/skateboards-rental-barcelona.webp,32.2957,RSB-002 · ZIP auditado + dimensiones físicas
PL,HOME,pl/index.html,2.webp,https://rentalscooterbarcelona.com/images/2.webp,800,600,400,400,1.333333,1,Relación declarada difiere 33.33% de la relación física,"Usar dimensiones coherentes con el recurso físico; referencia directa: width=""400"" height=""400"", validando CSS.",images/2.webp,33.3333,RSB-002 · ZIP auditado + dimensiones físicas
PL,HOME,pl/index.html,rsb-barcelona-rental-rsb-villa-olimpica-del-poble-nou--rent-skateboard-barcelona-soleado-800-v1.webp,https://rentalscooterbarcelona.com/images/rsb-barcelona-rental-rsb-villa-olimpica-del-poble-nou--rent-skateboard-barcelona-soleado-800-v1.webp,800,600,800,1200,1.333333,0.666667,Relación declarada difiere 100.00% de la relación física,"Usar dimensiones coherentes con el recurso físico; referencia directa: width=""800"" height=""1200"", validando CSS.",images/rsb-barcelona-rental-rsb-villa-olimpica-del-poble-nou--rent-skateboard-barcelona-soleado-800-v1.webp,100,RSB-002 · ZIP auditado + dimensiones físicas
PL,HOME,pl/index.html,9.webp,https://rentalscooterbarcelona.com/images/9.webp,800,600,300,300,1.333333,1,Relación declarada difiere 33.33% de la relación física,"Usar dimensiones coherentes con el recurso físico; referencia directa: width=""300"" height=""300"", validando CSS.",images/9.webp,33.3333,RSB-002 · ZIP auditado + dimensiones físicas
PL,HOME,pl/index.html,skateboards-rental-barcelona.webp,https://rentalscooterbarcelona.com/images/skateboards-rental-barcelona.webp,800,600,514,510,1.333333,1.007843,Relación declarada difiere 32.30% de la relación física,"Usar dimensiones coherentes con el recurso físico; referencia directa: width=""514"" height=""510"", validando CSS.",images/skateboards-rental-barcelona.webp,32.2957,RSB-002 · ZIP auditado + dimensiones físicas
PL,HOME,pl/index.html,2.webp,https://rentalscooterbarcelona.com/images/2.webp,800,600,400,400,1.333333,1,Relación declarada difiere 33.33% de la relación física,"Usar dimensiones coherentes con el recurso físico; referencia directa: width=""400"" height=""400"", validando CSS.",images/2.webp,33.3333,RSB-002 · ZIP auditado + dimensiones físicas
PL,HOME,pl/index.html,rsb-barcelona-rental-rsb-villa-olimpica-del-poble-nou--rent-skateboard-barcelona-soleado-800-v1.webp,https://rentalscooterbarcelona.com/images/rsb-barcelona-rental-rsb-villa-olimpica-del-poble-nou--rent-skateboard-barcelona-soleado-800-v1.webp,800,600,800,1200,1.333333,0.666667,Relación declarada difiere 100.00% de la relación física,"Usar dimensiones coherentes con el recurso físico; referencia directa: width=""800"" height=""1200"", validando CSS.",images/rsb-barcelona-rental-rsb-villa-olimpica-del-poble-nou--rent-skateboard-barcelona-soleado-800-v1.webp,100,RSB-002 · ZIP auditado + dimensiones físicas
EN,LONGBOARD,longboard/index.html,rsb-longboard-rental-barcelona-hero-group-beach-1600-v1.webp,https://rentalscooterbarcelona.com/images/rsb-longboard-rental-barcelona-hero-group-beach-1600-v1.webp,1600,900,1600,1066,1.777778,1.500938,Relación declarada difiere 18.44% de la relación física,"Usar dimensiones coherentes con el recurso físico; referencia directa: width=""1600"" height=""1066"", validando CSS.",images/rsb-longboard-rental-barcelona-hero-group-beach-1600-v1.webp,18.4444,RSB-002 · ZIP auditado + dimensiones físicas
EN,LONGBOARD,longboard/index.html,rsb-longboard-rental-barcelona-vila-olimpica-800.webp,https://rentalscooterbarcelona.com/images/rsb-longboard-rental-barcelona-vila-olimpica-800.webp,1200,675,800,478,1.777778,1.67364,Relación declarada difiere 6.22% de la relación física,"Usar dimensiones coherentes con el recurso físico; referencia directa: width=""800"" height=""478"", validando CSS.",images/rsb-longboard-rental-barcelona-vila-olimpica-800.webp,6.2222,RSB-002 · ZIP auditado + dimensiones físicas
EN,LONGBOARD,longboard/index.html,rsb-bike-rental-shop-olympic-village-barcelona.webp,https://rentalscooterbarcelona.com/images/rsb-bike-rental-shop-olympic-village-barcelona.webp,1200,675,480,720,1.777778,0.666667,Relación declarada difiere 166.67% de la relación física,"Usar dimensiones coherentes con el recurso físico; referencia directa: width=""480"" height=""720"", validando CSS.",images/rsb-bike-rental-shop-olympic-village-barcelona.webp,166.6667,RSB-002 · ZIP auditado + dimensiones físicas
PL,SKATEBOARD,pl/skateboard/index.html,rsb-skateboard-rental-barcelona-hero-group-beach-1600-v1.webp,https://rentalscooterbarcelona.com/images/rsb-skateboard-rental-barcelona-hero-group-beach-1600-v1.webp,1600,900,1600,1066,1.777778,1.500938,Relación declarada difiere 18.44% de la relación física,"Usar dimensiones coherentes con el recurso físico; referencia directa: width=""1600"" height=""1066"", validando CSS.",images/rsb-skateboard-rental-barcelona-hero-group-beach-1600-v1.webp,18.4444,RSB-002 · ZIP auditado + dimensiones físicas
PL,SKATEBOARD,pl/skateboard/index.html,rsb-skateboard-rental-barcelona-vila-olimpica-800.webp,https://rentalscooterbarcelona.com/images/rsb-skateboard-rental-barcelona-vila-olimpica-800.webp,1200,675,800,360,1.777778,2.222222,Relación declarada difiere 20.00% de la relación física,"Usar dimensiones coherentes con el recurso físico; referencia directa: width=""800"" height=""360"", validando CSS.",images/rsb-skateboard-rental-barcelona-vila-olimpica-800.webp,20,RSB-002 · ZIP auditado + dimensiones físicas
PL,SKATEBOARD,pl/skateboard/index.html,rsb-bike-rental-shop-olympic-village-barcelona.webp,https://rentalscooterbarcelona.com/images/rsb-bike-rental-shop-olympic-village-barcelona.webp,1200,675,480,720,1.777778,0.666667,Relación declarada difiere 166.67% de la relación física,"Usar dimensiones coherentes con el recurso físico; referencia directa: width=""480"" height=""720"", validando CSS.",images/rsb-bike-rental-shop-olympic-village-barcelona.webp,166.6667,RSB-002 · ZIP auditado + dimensiones físicas
PL,QUADS,pl/quads/index.html,rsb-bike-rental-shop-olympic-village-barcelona.webp,https://rentalscooterbarcelona.com/images/rsb-bike-rental-shop-olympic-village-barcelona.webp,1200,675,480,720,1.777778,0.666667,Relación declarada difiere 166.67% de la relación física,"Usar dimensiones coherentes con el recurso físico; referencia directa: width=""480"" height=""720"", validando CSS.",images/rsb-bike-rental-shop-olympic-village-barcelona.webp,166.6667,RSB-002 · ZIP auditado + dimensiones físicas
PL,BIKE,pl/bike/index.html,rsb-bike-rental-shop-olympic-village-barcelona.webp,https://rentalscooterbarcelona.com/images/rsb-bike-rental-shop-olympic-village-barcelona.webp,1200,675,480,720,1.777778,0.666667,Relación declarada difiere 166.67% de la relación física,"Usar dimensiones coherentes con el recurso físico; referencia directa: width=""480"" height=""720"", validando CSS.",images/rsb-bike-rental-shop-olympic-village-barcelona.webp,166.6667,RSB-002 · ZIP auditado + dimensiones físicas
PL,PRICES,pl/Prices/index.html,rsb-barcelona-rental-hero-group-beach-800-v1.webp,https://rentalscooterbarcelona.com/images/rsb-barcelona-rental-hero-group-beach-800-v1.webp,800,449,800,437,1.781737,1.830664,Relación declarada difiere 2.67% de la relación física,"Usar dimensiones coherentes con el recurso físico; referencia directa: width=""800"" height=""437"", validando CSS.",images/rsb-barcelona-rental-hero-group-beach-800-v1.webp,2.6726,RSB-002 · ZIP auditado + dimensiones físicas
PL,PRICES,pl/Prices/index.html,rsb-scooter-rental-barcelona-vila-olimpica-800.webp,https://rentalscooterbarcelona.com/images/rsb-scooter-rental-barcelona-vila-olimpica-800.webp,800,533,800,936,1.500938,0.854701,Relación declarada difiere 75.61% de la relación física,"Usar dimensiones coherentes con el recurso físico; referencia directa: width=""800"" height=""936"", validando CSS.",images/rsb-scooter-rental-barcelona-vila-olimpica-800.webp,75.6098,RSB-002 · ZIP auditado + dimensiones físicas
PL,PRICES,pl/Prices/index.html,rsb-skateboard-rental-barcelona-vila-olimpica-800.webp,https://rentalscooterbarcelona.com/images/rsb-skateboard-rental-barcelona-vila-olimpica-800.webp,800,533,800,360,1.500938,2.222222,Relación declarada difiere 32.46% de la relación física,"Usar dimensiones coherentes con el recurso físico; referencia directa: width=""800"" height=""360"", validando CSS.",images/rsb-skateboard-rental-barcelona-vila-olimpica-800.webp,32.4578,RSB-002 · ZIP auditado + dimensiones físicas
PL,PRICES,pl/Prices/index.html,rsb-barcelona-rental-shop-interior-inline-skates-bike-vila-olimpica-640.webp,https://rentalscooterbarcelona.com/images/rsb-barcelona-rental-shop-interior-inline-skates-bike-vila-olimpica-640.webp,1200,800,640,336,1.5,1.904762,Relación declarada difiere 21.25% de la relación física,"Usar dimensiones coherentes con el recurso físico; referencia directa: width=""640"" height=""336"", validando CSS.",images/rsb-barcelona-rental-shop-interior-inline-skates-bike-vila-olimpica-640.webp,21.25,RSB-002 · ZIP auditado + dimensiones físicas
PL,PRICES,pl/Prices/index.html,rsb-bike-rental-shop-olympic-village-barcelona.webp,https://rentalscooterbarcelona.com/images/rsb-bike-rental-shop-olympic-village-barcelona.webp,1200,675,480,720,1.777778,0.666667,Relación declarada difiere 166.67% de la relación física,"Usar dimensiones coherentes con el recurso físico; referencia directa: width=""480"" height=""720"", validando CSS.",images/rsb-bike-rental-shop-olympic-village-barcelona.webp,166.6667,RSB-002 · ZIP auditado + dimensiones físicas
PL,PRICES,pl/Prices/index.html,rsb-barcelona-rental-hero-group-beach-800-v1.webp,https://rentalscooterbarcelona.com/images/rsb-barcelona-rental-hero-group-beach-800-v1.webp,1600,899,800,437,1.779755,1.830664,Relación declarada difiere 2.78% de la relación física,"Usar dimensiones coherentes con el recurso físico; referencia directa: width=""800"" height=""437"", validando CSS.",images/rsb-barcelona-rental-hero-group-beach-800-v1.webp,2.7809,RSB-002 · ZIP auditado + dimensiones físicas
PL,ROLLERBLADES,pl/rollerblades/index.html,rsb-rollerblades-rental-barcelona-hero-group-beach-1600-v1.webp,https://rentalscooterbarcelona.com/images/rsb-rollerblades-rental-barcelona-hero-group-beach-1600-v1.webp,1600,900,1600,874,1.777778,1.830664,Relación declarada difiere 2.89% de la relación física,"Usar dimensiones coherentes con el recurso físico; referencia directa: width=""1600"" height=""874"", validando CSS.",images/rsb-rollerblades-rental-barcelona-hero-group-beach-1600-v1.webp,2.8889,RSB-002 · ZIP auditado + dimensiones físicas
PL,ROLLERBLADES,pl/rollerblades/index.html,rsb-rollerblades-rental-barcelona-hero-group-beach-1600-v1.webp,https://rentalscooterbarcelona.com/images/rsb-rollerblades-rental-barcelona-hero-group-beach-1600-v1.webp,1600,900,1600,874,1.777778,1.830664,Relación declarada difiere 2.89% de la relación física,"Usar dimensiones coherentes con el recurso físico; referencia directa: width=""1600"" height=""874"", validando CSS.",images/rsb-rollerblades-rental-barcelona-hero-group-beach-1600-v1.webp,2.8889,RSB-002 · ZIP auditado + dimensiones físicas
PL,ROLLERBLADES,pl/rollerblades/index.html,rsb-bike-rental-shop-olympic-village-barcelona.webp,https://rentalscooterbarcelona.com/images/rsb-bike-rental-shop-olympic-village-barcelona.webp,1200,675,480,720,1.777778,0.666667,Relación declarada difiere 166.67% de la relación física,"Usar dimensiones coherentes con el recurso físico; referencia directa: width=""480"" height=""720"", validando CSS.",images/rsb-bike-rental-shop-olympic-village-barcelona.webp,166.6667,RSB-002 · ZIP auditado + dimensiones físicas
PL,LOCATION_CONTACT,pl/location-contact/index.html,rsb-rental-scooter-barcelona-shop-vila-olimpica.webp,https://rentalscooterbarcelona.com/images/rsb-rental-scooter-barcelona-shop-vila-olimpica.webp,1200,800,585,594,1.5,0.984848,Relación declarada difiere 52.31% de la relación física,"Usar dimensiones coherentes con el recurso físico; referencia directa: width=""585"" height=""594"", validando CSS.",images/rsb-rental-scooter-barcelona-shop-vila-olimpica.webp,52.3077,RSB-002 · ZIP auditado + dimensiones físicas
PL,BLOG_INDEX,pl/blog/index.html,rsb-barcelona-rental-hero-group-beach-1600-v1.webp,https://rentalscooterbarcelona.com/images/rsb-barcelona-rental-hero-group-beach-1600-v1.webp,1600,900,1600,874,1.777778,1.830664,Relación declarada difiere 2.89% de la relación física,"Usar dimensiones coherentes con el recurso físico; referencia directa: width=""1600"" height=""874"", validando CSS.",images/rsb-barcelona-rental-hero-group-beach-1600-v1.webp,2.8889,RSB-002 · ZIP auditado + dimensiones físicas
PL,SCOOTER,pl/scooter/index.html,rsb-scooter-rental-barcelona-hero-group-v1-1536.webp,https://rentalscooterbarcelona.com/images/rsb-scooter-rental-barcelona-hero-group-v1-1536.webp,1536,864,1536,672,1.777778,2.285714,Relación declarada difiere 22.22% de la relación física,"Usar dimensiones coherentes con el recurso físico; referencia directa: width=""1536"" height=""672"", validando CSS.",images/rsb-scooter-rental-barcelona-hero-group-v1-1536.webp,22.2222,RSB-002 · ZIP auditado + dimensiones físicas
PL,SCOOTER,pl/scooter/index.html,rsb-rental-scooter-barcelona-shop-vila-olimpica.webp,https://rentalscooterbarcelona.com/images/rsb-rental-scooter-barcelona-shop-vila-olimpica.webp,1200,675,585,594,1.777778,0.984848,Relación declarada difiere 80.51% de la relación física,"Usar dimensiones coherentes con el recurso físico; referencia directa: width=""585"" height=""594"", validando CSS.",images/rsb-rental-scooter-barcelona-shop-vila-olimpica.webp,80.5128,RSB-002 · ZIP auditado + dimensiones físicas
PL,LONGBOARD,pl/longboard/index.html,rsb-longboard-rental-barcelona-hero-group-beach-1600-v1.webp,https://rentalscooterbarcelona.com/images/rsb-longboard-rental-barcelona-hero-group-beach-1600-v1.webp,1600,900,1600,1066,1.777778,1.500938,Relación declarada difiere 18.44% de la relación física,"Usar dimensiones coherentes con el recurso físico; referencia directa: width=""1600"" height=""1066"", validando CSS.",images/rsb-longboard-rental-barcelona-hero-group-beach-1600-v1.webp,18.4444,RSB-002 · ZIP auditado + dimensiones físicas
PL,LONGBOARD,pl/longboard/index.html,rsb-longboard-rental-barcelona-vila-olimpica-800.webp,https://rentalscooterbarcelona.com/images/rsb-longboard-rental-barcelona-vila-olimpica-800.webp,1200,675,800,478,1.777778,1.67364,Relación declarada difiere 6.22% de la relación física,"Usar dimensiones coherentes con el recurso físico; referencia directa: width=""800"" height=""478"", validando CSS.",images/rsb-longboard-rental-barcelona-vila-olimpica-800.webp,6.2222,RSB-002 · ZIP auditado + dimensiones físicas
PL,LONGBOARD,pl/longboard/index.html,rsb-bike-rental-shop-olympic-village-barcelona.webp,https://rentalscooterbarcelona.com/images/rsb-bike-rental-shop-olympic-village-barcelona.webp,1200,675,480,720,1.777778,0.666667,Relación declarada difiere 166.67% de la relación física,"Usar dimensiones coherentes con el recurso físico; referencia directa: width=""480"" height=""720"", validando CSS.",images/rsb-bike-rental-shop-olympic-village-barcelona.webp,166.6667,RSB-002 · ZIP auditado + dimensiones físicas
PL,BLOG_BEST_ROUTES,pl/blog/best-rollerblading-routes-barcelona/index.html,rsb-inline-skates-rental-barcelona-vila-olimpica-800.webp,https://rentalscooterbarcelona.com/images/rsb-inline-skates-rental-barcelona-vila-olimpica-800.webp,1600,900,800,533,1.777778,1.500938,Relación declarada difiere 18.44% de la relación física,"Usar dimensiones coherentes con el recurso físico; referencia directa: width=""800"" height=""533"", validando CSS.",images/rsb-inline-skates-rental-barcelona-vila-olimpica-800.webp,18.4444,RSB-002 · ZIP auditado + dimensiones físicas
PL,BLOG_ROLLER_SKATES,pl/blog/roller-skates/index.html,rsb-quad-skates-rental-barcelona-vila-olimpica-800.webp,https://rentalscooterbarcelona.com/images/rsb-quad-skates-rental-barcelona-vila-olimpica-800.webp,1600,900,800,533,1.777778,1.500938,Relación declarada difiere 18.44% de la relación física,"Usar dimensiones coherentes con el recurso físico; referencia directa: width=""800"" height=""533"", validando CSS.",images/rsb-quad-skates-rental-barcelona-vila-olimpica-800.webp,18.4444,RSB-002 · ZIP auditado + dimensiones físicas
PL,BLOG_SKATEBOARD,pl/blog/skateboard/index.html,rsb-skateboard-rental-barcelona-vila-olimpica-800.webp,https://rentalscooterbarcelona.com/images/rsb-skateboard-rental-barcelona-vila-olimpica-800.webp,1600,900,800,360,1.777778,2.222222,Relación declarada difiere 20.00% de la relación física,"Usar dimensiones coherentes con el recurso físico; referencia directa: width=""800"" height=""360"", validando CSS.",images/rsb-skateboard-rental-barcelona-vila-olimpica-800.webp,20,RSB-002 · ZIP auditado + dimensiones físicas
PL,BLOG_INLINE_SKATES,pl/blog/inline-skates/index.html,rsb-inline-skates-rental-barcelona-vila-olimpica-800.webp,https://rentalscooterbarcelona.com/images/rsb-inline-skates-rental-barcelona-vila-olimpica-800.webp,1600,900,800,533,1.777778,1.500938,Relación declarada difiere 18.44% de la relación física,"Usar dimensiones coherentes con el recurso físico; referencia directa: width=""800"" height=""533"", validando CSS.",images/rsb-inline-skates-rental-barcelona-vila-olimpica-800.webp,18.4444,RSB-002 · ZIP auditado + dimensiones físicas
PL,BLOG_BIKE,pl/blog/bike/index.html,rsb-bike-rental-barcelona-vila-olimpica-800.webp,https://rentalscooterbarcelona.com/images/rsb-bike-rental-barcelona-vila-olimpica-800.webp,1600,900,800,533,1.777778,1.500938,Relación declarada difiere 18.44% de la relación física,"Usar dimensiones coherentes con el recurso físico; referencia directa: width=""800"" height=""533"", validando CSS.",images/rsb-bike-rental-barcelona-vila-olimpica-800.webp,18.4444,RSB-002 · ZIP auditado + dimensiones físicas
PL,BLOG_50CC_VS_125CC,pl/blog/50cc-vs-125cc-scooter-rental-barcelona/index.html,rsb-scooter-rental-barcelona-vila-olimpica-800.webp,https://rentalscooterbarcelona.com/images/rsb-scooter-rental-barcelona-vila-olimpica-800.webp,1600,900,800,936,1.777778,0.854701,Relación declarada difiere 108.00% de la relación física,"Usar dimensiones coherentes con el recurso físico; referencia directa: width=""800"" height=""936"", validando CSS.",images/rsb-scooter-rental-barcelona-vila-olimpica-800.webp,108,RSB-002 · ZIP auditado + dimensiones físicas
PL,BLOG_BEGINNER_INLINE,pl/blog/jazda-na-rolkach-barcelona-poczatkujacy/index.html,rsb-inline-skates-rental-barcelona-vila-olimpica-800.webp,https://rentalscooterbarcelona.com/images/rsb-inline-skates-rental-barcelona-vila-olimpica-800.webp,1600,900,800,533,1.777778,1.500938,Relación declarada difiere 18.44% de la relación física,"Usar dimensiones coherentes con el recurso físico; referencia directa: width=""800"" height=""533"", validando CSS.",images/rsb-inline-skates-rental-barcelona-vila-olimpica-800.webp,18.4444,RSB-002 · ZIP auditado + dimensiones físicas
PL,BLOG_SCOOTER,pl/blog/scooter/index.html,rsb-scooter-rental-barcelona-vila-olimpica-800.webp,https://rentalscooterbarcelona.com/images/rsb-scooter-rental-barcelona-vila-olimpica-800.webp,1600,900,800,936,1.777778,0.854701,Relación declarada difiere 108.00% de la relación física,"Usar dimensiones coherentes con el recurso físico; referencia directa: width=""800"" height=""936"", validando CSS.",images/rsb-scooter-rental-barcelona-vila-olimpica-800.webp,108,RSB-002 · ZIP auditado + dimensiones físicas
PL,BLOG_HOURLY_INLINE_RENTAL,pl/blog/wynajem-rolek-na-godziny-barcelona/index.html,rsb-inline-skates-rental-barcelona-vila-olimpica-800.webp,https://rentalscooterbarcelona.com/images/rsb-inline-skates-rental-barcelona-vila-olimpica-800.webp,1600,900,800,533,1.777778,1.500938,Relación declarada difiere 18.44% de la relación física,"Usar dimensiones coherentes con el recurso físico; referencia directa: width=""800"" height=""533"", validando CSS.",images/rsb-inline-skates-rental-barcelona-vila-olimpica-800.webp,18.4444,RSB-002 · ZIP auditado + dimensiones físicas
PL,BLOG_LONGBOARD,pl/blog/longboard/index.html,rsb-longboard-rental-barcelona-vila-olimpica-800.webp,https://rentalscooterbarcelona.com/images/rsb-longboard-rental-barcelona-vila-olimpica-800.webp,1600,900,800,478,1.777778,1.67364,Relación declarada difiere 6.22% de la relación física,"Usar dimensiones coherentes con el recurso físico; referencia directa: width=""800"" height=""478"", validando CSS.",images/rsb-longboard-rental-barcelona-vila-olimpica-800.webp,6.2222,RSB-002 · ZIP auditado + dimensiones físicas
DE,SKATEBOARD,de/skateboard/index.html,rsb-skateboard-rental-barcelona-hero-group-beach-1600-v1.webp,https://rentalscooterbarcelona.com/images/rsb-skateboard-rental-barcelona-hero-group-beach-1600-v1.webp,1600,900,1600,1066,1.777778,1.500938,Relación declarada difiere 18.44% de la relación física,"Usar dimensiones coherentes con el recurso físico; referencia directa: width=""1600"" height=""1066"", validando CSS.",images/rsb-skateboard-rental-barcelona-hero-group-beach-1600-v1.webp,18.4444,RSB-002 · ZIP auditado + dimensiones físicas
DE,SKATEBOARD,de/skateboard/index.html,rsb-skateboard-rental-barcelona-vila-olimpica-800.webp,https://rentalscooterbarcelona.com/images/rsb-skateboard-rental-barcelona-vila-olimpica-800.webp,1200,675,800,360,1.777778,2.222222,Relación declarada difiere 20.00% de la relación física,"Usar dimensiones coherentes con el recurso físico; referencia directa: width=""800"" height=""360"", validando CSS.",images/rsb-skateboard-rental-barcelona-vila-olimpica-800.webp,20,RSB-002 · ZIP auditado + dimensiones físicas
DE,SKATEBOARD,de/skateboard/index.html,rsb-bike-rental-shop-olympic-village-barcelona.webp,https://rentalscooterbarcelona.com/images/rsb-bike-rental-shop-olympic-village-barcelona.webp,1200,675,480,720,1.777778,0.666667,Relación declarada difiere 166.67% de la relación física,"Usar dimensiones coherentes con el recurso físico; referencia directa: width=""480"" height=""720"", validando CSS.",images/rsb-bike-rental-shop-olympic-village-barcelona.webp,166.6667,RSB-002 · ZIP auditado + dimensiones físicas
DE,QUADS,de/quads/index.html,rsb-bike-rental-shop-olympic-village-barcelona.webp,https://rentalscooterbarcelona.com/images/rsb-bike-rental-shop-olympic-village-barcelona.webp,1200,675,480,720,1.777778,0.666667,Relación declarada difiere 166.67% de la relación física,"Usar dimensiones coherentes con el recurso físico; referencia directa: width=""480"" height=""720"", validando CSS.",images/rsb-bike-rental-shop-olympic-village-barcelona.webp,166.6667,RSB-002 · ZIP auditado + dimensiones físicas
DE,BIKE,de/bike/index.html,rsb-bike-rental-shop-olympic-village-barcelona.webp,https://rentalscooterbarcelona.com/images/rsb-bike-rental-shop-olympic-village-barcelona.webp,1200,675,480,720,1.777778,0.666667,Relación declarada difiere 166.67% de la relación física,"Usar dimensiones coherentes con el recurso físico; referencia directa: width=""480"" height=""720"", validando CSS.",images/rsb-bike-rental-shop-olympic-village-barcelona.webp,166.6667,RSB-002 · ZIP auditado + dimensiones físicas
DE,PRICES,de/Prices/index.html,rsb-barcelona-rental-hero-group-beach-800-v1.webp,https://rentalscooterbarcelona.com/images/rsb-barcelona-rental-hero-group-beach-800-v1.webp,800,449,800,437,1.781737,1.830664,Relación declarada difiere 2.67% de la relación física,"Usar dimensiones coherentes con el recurso físico; referencia directa: width=""800"" height=""437"", validando CSS.",images/rsb-barcelona-rental-hero-group-beach-800-v1.webp,2.6726,RSB-002 · ZIP auditado + dimensiones físicas
DE,PRICES,de/Prices/index.html,rsb-scooter-rental-barcelona-vila-olimpica-800.webp,https://rentalscooterbarcelona.com/images/rsb-scooter-rental-barcelona-vila-olimpica-800.webp,800,533,800,936,1.500938,0.854701,Relación declarada difiere 75.61% de la relación física,"Usar dimensiones coherentes con el recurso físico; referencia directa: width=""800"" height=""936"", validando CSS.",images/rsb-scooter-rental-barcelona-vila-olimpica-800.webp,75.6098,RSB-002 · ZIP auditado + dimensiones físicas
DE,PRICES,de/Prices/index.html,rsb-skateboard-rental-barcelona-vila-olimpica-800.webp,https://rentalscooterbarcelona.com/images/rsb-skateboard-rental-barcelona-vila-olimpica-800.webp,800,533,800,360,1.500938,2.222222,Relación declarada difiere 32.46% de la relación física,"Usar dimensiones coherentes con el recurso físico; referencia directa: width=""800"" height=""360"", validando CSS.",images/rsb-skateboard-rental-barcelona-vila-olimpica-800.webp,32.4578,RSB-002 · ZIP auditado + dimensiones físicas
DE,PRICES,de/Prices/index.html,rsb-barcelona-rental-shop-interior-inline-skates-bike-vila-olimpica-640.webp,https://rentalscooterbarcelona.com/images/rsb-barcelona-rental-shop-interior-inline-skates-bike-vila-olimpica-640.webp,1200,800,640,336,1.5,1.904762,Relación declarada difiere 21.25% de la relación física,"Usar dimensiones coherentes con el recurso físico; referencia directa: width=""640"" height=""336"", validando CSS.",images/rsb-barcelona-rental-shop-interior-inline-skates-bike-vila-olimpica-640.webp,21.25,RSB-002 · ZIP auditado + dimensiones físicas
DE,PRICES,de/Prices/index.html,rsb-bike-rental-shop-olympic-village-barcelona.webp,https://rentalscooterbarcelona.com/images/rsb-bike-rental-shop-olympic-village-barcelona.webp,1200,675,480,720,1.777778,0.666667,Relación declarada difiere 166.67% de la relación física,"Usar dimensiones coherentes con el recurso físico; referencia directa: width=""480"" height=""720"", validando CSS.",images/rsb-bike-rental-shop-olympic-village-barcelona.webp,166.6667,RSB-002 · ZIP auditado + dimensiones físicas
DE,PRICES,de/Prices/index.html,rsb-barcelona-rental-hero-group-beach-800-v1.webp,https://rentalscooterbarcelona.com/images/rsb-barcelona-rental-hero-group-beach-800-v1.webp,1600,899,800,437,1.779755,1.830664,Relación declarada difiere 2.78% de la relación física,"Usar dimensiones coherentes con el recurso físico; referencia directa: width=""800"" height=""437"", validando CSS.",images/rsb-barcelona-rental-hero-group-beach-800-v1.webp,2.7809,RSB-002 · ZIP auditado + dimensiones físicas
DE,ROLLERBLADES,de/rollerblades/index.html,rsb-rollerblades-rental-barcelona-hero-group-beach-1600-v1.webp,https://rentalscooterbarcelona.com/images/rsb-rollerblades-rental-barcelona-hero-group-beach-1600-v1.webp,1600,900,1600,874,1.777778,1.830664,Relación declarada difiere 2.89% de la relación física,"Usar dimensiones coherentes con el recurso físico; referencia directa: width=""1600"" height=""874"", validando CSS.",images/rsb-rollerblades-rental-barcelona-hero-group-beach-1600-v1.webp,2.8889,RSB-002 · ZIP auditado + dimensiones físicas
DE,ROLLERBLADES,de/rollerblades/index.html,rsb-rollerblades-rental-barcelona-hero-group-beach-1600-v1.webp,https://rentalscooterbarcelona.com/images/rsb-rollerblades-rental-barcelona-hero-group-beach-1600-v1.webp,1600,900,1600,874,1.777778,1.830664,Relación declarada difiere 2.89% de la relación física,"Usar dimensiones coherentes con el recurso físico; referencia directa: width=""1600"" height=""874"", validando CSS.",images/rsb-rollerblades-rental-barcelona-hero-group-beach-1600-v1.webp,2.8889,RSB-002 · ZIP auditado + dimensiones físicas
DE,ROLLERBLADES,de/rollerblades/index.html,rsb-bike-rental-shop-olympic-village-barcelona.webp,https://rentalscooterbarcelona.com/images/rsb-bike-rental-shop-olympic-village-barcelona.webp,1200,675,480,720,1.777778,0.666667,Relación declarada difiere 166.67% de la relación física,"Usar dimensiones coherentes con el recurso físico; referencia directa: width=""480"" height=""720"", validando CSS.",images/rsb-bike-rental-shop-olympic-village-barcelona.webp,166.6667,RSB-002 · ZIP auditado + dimensiones físicas
DE,LOCATION_CONTACT,de/location-contact/index.html,rsb-rental-scooter-barcelona-shop-vila-olimpica.webp,https://rentalscooterbarcelona.com/images/rsb-rental-scooter-barcelona-shop-vila-olimpica.webp,1200,800,585,594,1.5,0.984848,Relación declarada difiere 52.31% de la relación física,"Usar dimensiones coherentes con el recurso físico; referencia directa: width=""585"" height=""594"", validando CSS.",images/rsb-rental-scooter-barcelona-shop-vila-olimpica.webp,52.3077,RSB-002 · ZIP auditado + dimensiones físicas
DE,BLOG_INDEX,de/blog/index.html,rsb-barcelona-rental-hero-group-beach-1600-v1.webp,https://rentalscooterbarcelona.com/images/rsb-barcelona-rental-hero-group-beach-1600-v1.webp,1600,900,1600,874,1.777778,1.830664,Relación declarada difiere 2.89% de la relación física,"Usar dimensiones coherentes con el recurso físico; referencia directa: width=""1600"" height=""874"", validando CSS.",images/rsb-barcelona-rental-hero-group-beach-1600-v1.webp,2.8889,RSB-002 · ZIP auditado + dimensiones físicas
DE,SCOOTER,de/scooter/index.html,rsb-scooter-rental-barcelona-hero-group-v1-1536.webp,https://rentalscooterbarcelona.com/images/rsb-scooter-rental-barcelona-hero-group-v1-1536.webp,1536,864,1536,672,1.777778,2.285714,Relación declarada difiere 22.22% de la relación física,"Usar dimensiones coherentes con el recurso físico; referencia directa: width=""1536"" height=""672"", validando CSS.",images/rsb-scooter-rental-barcelona-hero-group-v1-1536.webp,22.2222,RSB-002 · ZIP auditado + dimensiones físicas
DE,SCOOTER,de/scooter/index.html,rsb-rental-scooter-barcelona-shop-vila-olimpica.webp,https://rentalscooterbarcelona.com/images/rsb-rental-scooter-barcelona-shop-vila-olimpica.webp,1200,675,585,594,1.777778,0.984848,Relación declarada difiere 80.51% de la relación física,"Usar dimensiones coherentes con el recurso físico; referencia directa: width=""585"" height=""594"", validando CSS.",images/rsb-rental-scooter-barcelona-shop-vila-olimpica.webp,80.5128,RSB-002 · ZIP auditado + dimensiones físicas
DE,LONGBOARD,de/longboard/index.html,rsb-longboard-rental-barcelona-hero-group-beach-1600-v1.webp,https://rentalscooterbarcelona.com/images/rsb-longboard-rental-barcelona-hero-group-beach-1600-v1.webp,1600,900,1600,1066,1.777778,1.500938,Relación declarada difiere 18.44% de la relación física,"Usar dimensiones coherentes con el recurso físico; referencia directa: width=""1600"" height=""1066"", validando CSS.",images/rsb-longboard-rental-barcelona-hero-group-beach-1600-v1.webp,18.4444,RSB-002 · ZIP auditado + dimensiones físicas
DE,LONGBOARD,de/longboard/index.html,rsb-longboard-rental-barcelona-vila-olimpica-800.webp,https://rentalscooterbarcelona.com/images/rsb-longboard-rental-barcelona-vila-olimpica-800.webp,1200,675,800,478,1.777778,1.67364,Relación declarada difiere 6.22% de la relación física,"Usar dimensiones coherentes con el recurso físico; referencia directa: width=""800"" height=""478"", validando CSS.",images/rsb-longboard-rental-barcelona-vila-olimpica-800.webp,6.2222,RSB-002 · ZIP auditado + dimensiones físicas
DE,LONGBOARD,de/longboard/index.html,rsb-bike-rental-shop-olympic-village-barcelona.webp,https://rentalscooterbarcelona.com/images/rsb-bike-rental-shop-olympic-village-barcelona.webp,1200,675,480,720,1.777778,0.666667,Relación declarada difiere 166.67% de la relación física,"Usar dimensiones coherentes con el recurso físico; referencia directa: width=""480"" height=""720"", validando CSS.",images/rsb-bike-rental-shop-olympic-village-barcelona.webp,166.6667,RSB-002 · ZIP auditado + dimensiones físicas
DE,BLOG_BEST_ROUTES,de/blog/best-rollerblading-routes-barcelona/index.html,rsb-inline-skates-rental-barcelona-vila-olimpica-800.webp,https://rentalscooterbarcelona.com/images/rsb-inline-skates-rental-barcelona-vila-olimpica-800.webp,1600,900,800,533,1.777778,1.500938,Relación declarada difiere 18.44% de la relación física,"Usar dimensiones coherentes con el recurso físico; referencia directa: width=""800"" height=""533"", validando CSS.",images/rsb-inline-skates-rental-barcelona-vila-olimpica-800.webp,18.4444,RSB-002 · ZIP auditado + dimensiones físicas
DE,BLOG_ROLLER_SKATES,de/blog/roller-skates/index.html,rsb-quad-skates-rental-barcelona-vila-olimpica-800.webp,https://rentalscooterbarcelona.com/images/rsb-quad-skates-rental-barcelona-vila-olimpica-800.webp,1600,900,800,533,1.777778,1.500938,Relación declarada difiere 18.44% de la relación física,"Usar dimensiones coherentes con el recurso físico; referencia directa: width=""800"" height=""533"", validando CSS.",images/rsb-quad-skates-rental-barcelona-vila-olimpica-800.webp,18.4444,RSB-002 · ZIP auditado + dimensiones físicas
DE,BLOG_SKATEBOARD,de/blog/skateboard/index.html,rsb-skateboard-rental-barcelona-vila-olimpica-800.webp,https://rentalscooterbarcelona.com/images/rsb-skateboard-rental-barcelona-vila-olimpica-800.webp,1600,900,800,360,1.777778,2.222222,Relación declarada difiere 20.00% de la relación física,"Usar dimensiones coherentes con el recurso físico; referencia directa: width=""800"" height=""360"", validando CSS.",images/rsb-skateboard-rental-barcelona-vila-olimpica-800.webp,20,RSB-002 · ZIP auditado + dimensiones físicas
DE,BLOG_INLINE_SKATES,de/blog/inline-skates/index.html,rsb-inline-skates-rental-barcelona-vila-olimpica-800.webp,https://rentalscooterbarcelona.com/images/rsb-inline-skates-rental-barcelona-vila-olimpica-800.webp,1600,900,800,533,1.777778,1.500938,Relación declarada difiere 18.44% de la relación física,"Usar dimensiones coherentes con el recurso físico; referencia directa: width=""800"" height=""533"", validando CSS.",images/rsb-inline-skates-rental-barcelona-vila-olimpica-800.webp,18.4444,RSB-002 · ZIP auditado + dimensiones físicas
DE,BLOG_BIKE,de/blog/bike/index.html,rsb-bike-rental-barcelona-vila-olimpica-800.webp,https://rentalscooterbarcelona.com/images/rsb-bike-rental-barcelona-vila-olimpica-800.webp,1600,900,800,533,1.777778,1.500938,Relación declarada difiere 18.44% de la relación física,"Usar dimensiones coherentes con el recurso físico; referencia directa: width=""800"" height=""533"", validando CSS.",images/rsb-bike-rental-barcelona-vila-olimpica-800.webp,18.4444,RSB-002 · ZIP auditado + dimensiones físicas
DE,BLOG_50CC_VS_125CC,de/blog/50cc-vs-125cc-scooter-rental-barcelona/index.html,rsb-scooter-rental-barcelona-vila-olimpica-800.webp,https://rentalscooterbarcelona.com/images/rsb-scooter-rental-barcelona-vila-olimpica-800.webp,1600,900,800,936,1.777778,0.854701,Relación declarada difiere 108.00% de la relación física,"Usar dimensiones coherentes con el recurso físico; referencia directa: width=""800"" height=""936"", validando CSS.",images/rsb-scooter-rental-barcelona-vila-olimpica-800.webp,108,RSB-002 · ZIP auditado + dimensiones físicas
DE,BLOG_BEGINNER_INLINE,de/blog/inlineskaten-barcelona-anfaenger/index.html,rsb-inline-skates-rental-barcelona-vila-olimpica-800.webp,https://rentalscooterbarcelona.com/images/rsb-inline-skates-rental-barcelona-vila-olimpica-800.webp,1600,900,800,533,1.777778,1.500938,Relación declarada difiere 18.44% de la relación física,"Usar dimensiones coherentes con el recurso físico; referencia directa: width=""800"" height=""533"", validando CSS.",images/rsb-inline-skates-rental-barcelona-vila-olimpica-800.webp,18.4444,RSB-002 · ZIP auditado + dimensiones físicas
DE,BLOG_SCOOTER,de/blog/scooter/index.html,rsb-scooter-rental-barcelona-vila-olimpica-800.webp,https://rentalscooterbarcelona.com/images/rsb-scooter-rental-barcelona-vila-olimpica-800.webp,1600,900,800,936,1.777778,0.854701,Relación declarada difiere 108.00% de la relación física,"Usar dimensiones coherentes con el recurso físico; referencia directa: width=""800"" height=""936"", validando CSS.",images/rsb-scooter-rental-barcelona-vila-olimpica-800.webp,108,RSB-002 · ZIP auditado + dimensiones físicas
DE,BLOG_HOURLY_INLINE_RENTAL,de/blog/inlineskates-stundenweise-mieten-barcelona/index.html,rsb-inline-skates-rental-barcelona-vila-olimpica-800.webp,https://rentalscooterbarcelona.com/images/rsb-inline-skates-rental-barcelona-vila-olimpica-800.webp,1600,900,800,533,1.777778,1.500938,Relación declarada difiere 18.44% de la relación física,"Usar dimensiones coherentes con el recurso físico; referencia directa: width=""800"" height=""533"", validando CSS.",images/rsb-inline-skates-rental-barcelona-vila-olimpica-800.webp,18.4444,RSB-002 · ZIP auditado + dimensiones físicas
DE,BLOG_LONGBOARD,de/blog/longboard/index.html,rsb-longboard-rental-barcelona-vila-olimpica-800.webp,https://rentalscooterbarcelona.com/images/rsb-longboard-rental-barcelona-vila-olimpica-800.webp,1600,900,800,478,1.777778,1.67364,Relación declarada difiere 6.22% de la relación física,"Usar dimensiones coherentes con el recurso físico; referencia directa: width=""800"" height=""478"", validando CSS.",images/rsb-longboard-rental-barcelona-vila-olimpica-800.webp,6.2222,RSB-002 · ZIP auditado + dimensiones físicas
SV,SKATEBOARD,sv/skateboard/index.html,rsb-skateboard-rental-barcelona-hero-group-beach-1600-v1.webp,https://rentalscooterbarcelona.com/images/rsb-skateboard-rental-barcelona-hero-group-beach-1600-v1.webp,1600,900,1600,1066,1.777778,1.500938,Relación declarada difiere 18.44% de la relación física,"Usar dimensiones coherentes con el recurso físico; referencia directa: width=""1600"" height=""1066"", validando CSS.",images/rsb-skateboard-rental-barcelona-hero-group-beach-1600-v1.webp,18.4444,RSB-002 · ZIP auditado + dimensiones físicas
SV,SKATEBOARD,sv/skateboard/index.html,rsb-skateboard-rental-barcelona-vila-olimpica-800.webp,https://rentalscooterbarcelona.com/images/rsb-skateboard-rental-barcelona-vila-olimpica-800.webp,1200,675,800,360,1.777778,2.222222,Relación declarada difiere 20.00% de la relación física,"Usar dimensiones coherentes con el recurso físico; referencia directa: width=""800"" height=""360"", validando CSS.",images/rsb-skateboard-rental-barcelona-vila-olimpica-800.webp,20,RSB-002 · ZIP auditado + dimensiones físicas
SV,SKATEBOARD,sv/skateboard/index.html,rsb-bike-rental-shop-olympic-village-barcelona.webp,https://rentalscooterbarcelona.com/images/rsb-bike-rental-shop-olympic-village-barcelona.webp,1200,675,480,720,1.777778,0.666667,Relación declarada difiere 166.67% de la relación física,"Usar dimensiones coherentes con el recurso físico; referencia directa: width=""480"" height=""720"", validando CSS.",images/rsb-bike-rental-shop-olympic-village-barcelona.webp,166.6667,RSB-002 · ZIP auditado + dimensiones físicas
SV,QUADS,sv/quads/index.html,rsb-bike-rental-shop-olympic-village-barcelona.webp,https://rentalscooterbarcelona.com/images/rsb-bike-rental-shop-olympic-village-barcelona.webp,1200,675,480,720,1.777778,0.666667,Relación declarada difiere 166.67% de la relación física,"Usar dimensiones coherentes con el recurso físico; referencia directa: width=""480"" height=""720"", validando CSS.",images/rsb-bike-rental-shop-olympic-village-barcelona.webp,166.6667,RSB-002 · ZIP auditado + dimensiones físicas
SV,BIKE,sv/bike/index.html,rsb-bike-rental-shop-olympic-village-barcelona.webp,https://rentalscooterbarcelona.com/images/rsb-bike-rental-shop-olympic-village-barcelona.webp,1200,675,480,720,1.777778,0.666667,Relación declarada difiere 166.67% de la relación física,"Usar dimensiones coherentes con el recurso físico; referencia directa: width=""480"" height=""720"", validando CSS.",images/rsb-bike-rental-shop-olympic-village-barcelona.webp,166.6667,RSB-002 · ZIP auditado + dimensiones físicas
SV,PRICES,sv/Prices/index.html,rsb-barcelona-rental-hero-group-beach-800-v1.webp,https://rentalscooterbarcelona.com/images/rsb-barcelona-rental-hero-group-beach-800-v1.webp,800,449,800,437,1.781737,1.830664,Relación declarada difiere 2.67% de la relación física,"Usar dimensiones coherentes con el recurso físico; referencia directa: width=""800"" height=""437"", validando CSS.",images/rsb-barcelona-rental-hero-group-beach-800-v1.webp,2.6726,RSB-002 · ZIP auditado + dimensiones físicas
SV,PRICES,sv/Prices/index.html,rsb-scooter-rental-barcelona-vila-olimpica-800.webp,https://rentalscooterbarcelona.com/images/rsb-scooter-rental-barcelona-vila-olimpica-800.webp,800,533,800,936,1.500938,0.854701,Relación declarada difiere 75.61% de la relación física,"Usar dimensiones coherentes con el recurso físico; referencia directa: width=""800"" height=""936"", validando CSS.",images/rsb-scooter-rental-barcelona-vila-olimpica-800.webp,75.6098,RSB-002 · ZIP auditado + dimensiones físicas
SV,PRICES,sv/Prices/index.html,rsb-skateboard-rental-barcelona-vila-olimpica-800.webp,https://rentalscooterbarcelona.com/images/rsb-skateboard-rental-barcelona-vila-olimpica-800.webp,800,533,800,360,1.500938,2.222222,Relación declarada difiere 32.46% de la relación física,"Usar dimensiones coherentes con el recurso físico; referencia directa: width=""800"" height=""360"", validando CSS.",images/rsb-skateboard-rental-barcelona-vila-olimpica-800.webp,32.4578,RSB-002 · ZIP auditado + dimensiones físicas
SV,PRICES,sv/Prices/index.html,rsb-barcelona-rental-shop-interior-inline-skates-bike-vila-olimpica-640.webp,https://rentalscooterbarcelona.com/images/rsb-barcelona-rental-shop-interior-inline-skates-bike-vila-olimpica-640.webp,1200,800,640,336,1.5,1.904762,Relación declarada difiere 21.25% de la relación física,"Usar dimensiones coherentes con el recurso físico; referencia directa: width=""640"" height=""336"", validando CSS.",images/rsb-barcelona-rental-shop-interior-inline-skates-bike-vila-olimpica-640.webp,21.25,RSB-002 · ZIP auditado + dimensiones físicas
SV,PRICES,sv/Prices/index.html,rsb-bike-rental-shop-olympic-village-barcelona.webp,https://rentalscooterbarcelona.com/images/rsb-bike-rental-shop-olympic-village-barcelona.webp,1200,675,480,720,1.777778,0.666667,Relación declarada difiere 166.67% de la relación física,"Usar dimensiones coherentes con el recurso físico; referencia directa: width=""480"" height=""720"", validando CSS.",images/rsb-bike-rental-shop-olympic-village-barcelona.webp,166.6667,RSB-002 · ZIP auditado + dimensiones físicas
SV,PRICES,sv/Prices/index.html,rsb-barcelona-rental-hero-group-beach-800-v1.webp,https://rentalscooterbarcelona.com/images/rsb-barcelona-rental-hero-group-beach-800-v1.webp,1600,899,800,437,1.779755,1.830664,Relación declarada difiere 2.78% de la relación física,"Usar dimensiones coherentes con el recurso físico; referencia directa: width=""800"" height=""437"", validando CSS.",images/rsb-barcelona-rental-hero-group-beach-800-v1.webp,2.7809,RSB-002 · ZIP auditado + dimensiones físicas
SV,ROLLERBLADES,sv/rollerblades/index.html,rsb-rollerblades-rental-barcelona-hero-group-beach-1600-v1.webp,https://rentalscooterbarcelona.com/images/rsb-rollerblades-rental-barcelona-hero-group-beach-1600-v1.webp,1600,900,1600,874,1.777778,1.830664,Relación declarada difiere 2.89% de la relación física,"Usar dimensiones coherentes con el recurso físico; referencia directa: width=""1600"" height=""874"", validando CSS.",images/rsb-rollerblades-rental-barcelona-hero-group-beach-1600-v1.webp,2.8889,RSB-002 · ZIP auditado + dimensiones físicas
SV,ROLLERBLADES,sv/rollerblades/index.html,rsb-rollerblades-rental-barcelona-hero-group-beach-1600-v1.webp,https://rentalscooterbarcelona.com/images/rsb-rollerblades-rental-barcelona-hero-group-beach-1600-v1.webp,1600,900,1600,874,1.777778,1.830664,Relación declarada difiere 2.89% de la relación física,"Usar dimensiones coherentes con el recurso físico; referencia directa: width=""1600"" height=""874"", validando CSS.",images/rsb-rollerblades-rental-barcelona-hero-group-beach-1600-v1.webp,2.8889,RSB-002 · ZIP auditado + dimensiones físicas
SV,ROLLERBLADES,sv/rollerblades/index.html,rsb-bike-rental-shop-olympic-village-barcelona.webp,https://rentalscooterbarcelona.com/images/rsb-bike-rental-shop-olympic-village-barcelona.webp,1200,675,480,720,1.777778,0.666667,Relación declarada difiere 166.67% de la relación física,"Usar dimensiones coherentes con el recurso físico; referencia directa: width=""480"" height=""720"", validando CSS.",images/rsb-bike-rental-shop-olympic-village-barcelona.webp,166.6667,RSB-002 · ZIP auditado + dimensiones físicas
SV,LOCATION_CONTACT,sv/location-contact/index.html,rsb-rental-scooter-barcelona-shop-vila-olimpica.webp,https://rentalscooterbarcelona.com/images/rsb-rental-scooter-barcelona-shop-vila-olimpica.webp,1200,800,585,594,1.5,0.984848,Relación declarada difiere 52.31% de la relación física,"Usar dimensiones coherentes con el recurso físico; referencia directa: width=""585"" height=""594"", validando CSS.",images/rsb-rental-scooter-barcelona-shop-vila-olimpica.webp,52.3077,RSB-002 · ZIP auditado + dimensiones físicas
SV,BLOG_INDEX,sv/blog/index.html,rsb-barcelona-rental-hero-group-beach-1600-v1.webp,https://rentalscooterbarcelona.com/images/rsb-barcelona-rental-hero-group-beach-1600-v1.webp,1600,900,1600,874,1.777778,1.830664,Relación declarada difiere 2.89% de la relación física,"Usar dimensiones coherentes con el recurso físico; referencia directa: width=""1600"" height=""874"", validando CSS.",images/rsb-barcelona-rental-hero-group-beach-1600-v1.webp,2.8889,RSB-002 · ZIP auditado + dimensiones físicas
SV,SCOOTER,sv/scooter/index.html,rsb-scooter-rental-barcelona-hero-group-v1-1536.webp,https://rentalscooterbarcelona.com/images/rsb-scooter-rental-barcelona-hero-group-v1-1536.webp,1536,864,1536,672,1.777778,2.285714,Relación declarada difiere 22.22% de la relación física,"Usar dimensiones coherentes con el recurso físico; referencia directa: width=""1536"" height=""672"", validando CSS.",images/rsb-scooter-rental-barcelona-hero-group-v1-1536.webp,22.2222,RSB-002 · ZIP auditado + dimensiones físicas
SV,SCOOTER,sv/scooter/index.html,rsb-rental-scooter-barcelona-shop-vila-olimpica.webp,https://rentalscooterbarcelona.com/images/rsb-rental-scooter-barcelona-shop-vila-olimpica.webp,1200,675,585,594,1.777778,0.984848,Relación declarada difiere 80.51% de la relación física,"Usar dimensiones coherentes con el recurso físico; referencia directa: width=""585"" height=""594"", validando CSS.",images/rsb-rental-scooter-barcelona-shop-vila-olimpica.webp,80.5128,RSB-002 · ZIP auditado + dimensiones físicas
SV,LONGBOARD,sv/longboard/index.html,rsb-longboard-rental-barcelona-hero-group-beach-1600-v1.webp,https://rentalscooterbarcelona.com/images/rsb-longboard-rental-barcelona-hero-group-beach-1600-v1.webp,1600,900,1600,1066,1.777778,1.500938,Relación declarada difiere 18.44% de la relación física,"Usar dimensiones coherentes con el recurso físico; referencia directa: width=""1600"" height=""1066"", validando CSS.",images/rsb-longboard-rental-barcelona-hero-group-beach-1600-v1.webp,18.4444,RSB-002 · ZIP auditado + dimensiones físicas
SV,LONGBOARD,sv/longboard/index.html,rsb-longboard-rental-barcelona-vila-olimpica-800.webp,https://rentalscooterbarcelona.com/images/rsb-longboard-rental-barcelona-vila-olimpica-800.webp,1200,675,800,478,1.777778,1.67364,Relación declarada difiere 6.22% de la relación física,"Usar dimensiones coherentes con el recurso físico; referencia directa: width=""800"" height=""478"", validando CSS.",images/rsb-longboard-rental-barcelona-vila-olimpica-800.webp,6.2222,RSB-002 · ZIP auditado + dimensiones físicas
SV,LONGBOARD,sv/longboard/index.html,rsb-bike-rental-shop-olympic-village-barcelona.webp,https://rentalscooterbarcelona.com/images/rsb-bike-rental-shop-olympic-village-barcelona.webp,1200,675,480,720,1.777778,0.666667,Relación declarada difiere 166.67% de la relación física,"Usar dimensiones coherentes con el recurso físico; referencia directa: width=""480"" height=""720"", validando CSS.",images/rsb-bike-rental-shop-olympic-village-barcelona.webp,166.6667,RSB-002 · ZIP auditado + dimensiones físicas
SV,BLOG_BEST_ROUTES,sv/blog/best-rollerblading-routes-barcelona/index.html,rsb-inline-skates-rental-barcelona-vila-olimpica-800.webp,https://rentalscooterbarcelona.com/images/rsb-inline-skates-rental-barcelona-vila-olimpica-800.webp,1600,900,800,533,1.777778,1.500938,Relación declarada difiere 18.44% de la relación física,"Usar dimensiones coherentes con el recurso físico; referencia directa: width=""800"" height=""533"", validando CSS.",images/rsb-inline-skates-rental-barcelona-vila-olimpica-800.webp,18.4444,RSB-002 · ZIP auditado + dimensiones físicas
SV,BLOG_ROLLER_SKATES,sv/blog/roller-skates/index.html,rsb-quad-skates-rental-barcelona-vila-olimpica-800.webp,https://rentalscooterbarcelona.com/images/rsb-quad-skates-rental-barcelona-vila-olimpica-800.webp,1600,900,800,533,1.777778,1.500938,Relación declarada difiere 18.44% de la relación física,"Usar dimensiones coherentes con el recurso físico; referencia directa: width=""800"" height=""533"", validando CSS.",images/rsb-quad-skates-rental-barcelona-vila-olimpica-800.webp,18.4444,RSB-002 · ZIP auditado + dimensiones físicas
SV,BLOG_SKATEBOARD,sv/blog/skateboard/index.html,rsb-skateboard-rental-barcelona-vila-olimpica-800.webp,https://rentalscooterbarcelona.com/images/rsb-skateboard-rental-barcelona-vila-olimpica-800.webp,1600,900,800,360,1.777778,2.222222,Relación declarada difiere 20.00% de la relación física,"Usar dimensiones coherentes con el recurso físico; referencia directa: width=""800"" height=""360"", validando CSS.",images/rsb-skateboard-rental-barcelona-vila-olimpica-800.webp,20,RSB-002 · ZIP auditado + dimensiones físicas
SV,BLOG_HOURLY_INLINE_RENTAL,sv/blog/hyra-inlines-barcelona-per-timme/index.html,rsb-inline-skates-rental-barcelona-vila-olimpica-800.webp,https://rentalscooterbarcelona.com/images/rsb-inline-skates-rental-barcelona-vila-olimpica-800.webp,1600,900,800,533,1.777778,1.500938,Relación declarada difiere 18.44% de la relación física,"Usar dimensiones coherentes con el recurso físico; referencia directa: width=""800"" height=""533"", validando CSS.",images/rsb-inline-skates-rental-barcelona-vila-olimpica-800.webp,18.4444,RSB-002 · ZIP auditado + dimensiones físicas
SV,BLOG_INLINE_SKATES,sv/blog/inline-skates/index.html,rsb-inline-skates-rental-barcelona-vila-olimpica-800.webp,https://rentalscooterbarcelona.com/images/rsb-inline-skates-rental-barcelona-vila-olimpica-800.webp,1600,900,800,533,1.777778,1.500938,Relación declarada difiere 18.44% de la relación física,"Usar dimensiones coherentes con el recurso físico; referencia directa: width=""800"" height=""533"", validando CSS.",images/rsb-inline-skates-rental-barcelona-vila-olimpica-800.webp,18.4444,RSB-002 · ZIP auditado + dimensiones físicas
SV,BLOG_BIKE,sv/blog/bike/index.html,rsb-bike-rental-barcelona-vila-olimpica-800.webp,https://rentalscooterbarcelona.com/images/rsb-bike-rental-barcelona-vila-olimpica-800.webp,1600,900,800,533,1.777778,1.500938,Relación declarada difiere 18.44% de la relación física,"Usar dimensiones coherentes con el recurso físico; referencia directa: width=""800"" height=""533"", validando CSS.",images/rsb-bike-rental-barcelona-vila-olimpica-800.webp,18.4444,RSB-002 · ZIP auditado + dimensiones físicas
SV,BLOG_50CC_VS_125CC,sv/blog/50cc-vs-125cc-scooter-rental-barcelona/index.html,rsb-scooter-rental-barcelona-vila-olimpica-800.webp,https://rentalscooterbarcelona.com/images/rsb-scooter-rental-barcelona-vila-olimpica-800.webp,1600,900,800,936,1.777778,0.854701,Relación declarada difiere 108.00% de la relación física,"Usar dimensiones coherentes con el recurso físico; referencia directa: width=""800"" height=""936"", validando CSS.",images/rsb-scooter-rental-barcelona-vila-olimpica-800.webp,108,RSB-002 · ZIP auditado + dimensiones físicas
SV,BLOG_BEGINNER_INLINE,sv/blog/inline-skating-barcelona-nyborjare/index.html,rsb-inline-skates-rental-barcelona-vila-olimpica-800.webp,https://rentalscooterbarcelona.com/images/rsb-inline-skates-rental-barcelona-vila-olimpica-800.webp,1600,900,800,533,1.777778,1.500938,Relación declarada difiere 18.44% de la relación física,"Usar dimensiones coherentes con el recurso físico; referencia directa: width=""800"" height=""533"", validando CSS.",images/rsb-inline-skates-rental-barcelona-vila-olimpica-800.webp,18.4444,RSB-002 · ZIP auditado + dimensiones físicas
SV,BLOG_SCOOTER,sv/blog/scooter/index.html,rsb-scooter-rental-barcelona-vila-olimpica-800.webp,https://rentalscooterbarcelona.com/images/rsb-scooter-rental-barcelona-vila-olimpica-800.webp,1600,900,800,936,1.777778,0.854701,Relación declarada difiere 108.00% de la relación física,"Usar dimensiones coherentes con el recurso físico; referencia directa: width=""800"" height=""936"", validando CSS.",images/rsb-scooter-rental-barcelona-vila-olimpica-800.webp,108,RSB-002 · ZIP auditado + dimensiones físicas
SV,BLOG_LONGBOARD,sv/blog/longboard/index.html,rsb-longboard-rental-barcelona-vila-olimpica-800.webp,https://rentalscooterbarcelona.com/images/rsb-longboard-rental-barcelona-vila-olimpica-800.webp,1600,900,800,478,1.777778,1.67364,Relación declarada difiere 6.22% de la relación física,"Usar dimensiones coherentes con el recurso físico; referencia directa: width=""800"" height=""478"", validando CSS.",images/rsb-longboard-rental-barcelona-vila-olimpica-800.webp,6.2222,RSB-002 · ZIP auditado + dimensiones físicas
CA,SKATEBOARD,cat/skateboard/index.html,rsb-skateboard-rental-barcelona-hero-group-beach-1600-v1.webp,https://rentalscooterbarcelona.com/images/rsb-skateboard-rental-barcelona-hero-group-beach-1600-v1.webp,1600,900,1600,1066,1.777778,1.500938,Relación declarada difiere 18.44% de la relación física,"Usar dimensiones coherentes con el recurso físico; referencia directa: width=""1600"" height=""1066"", validando CSS.",images/rsb-skateboard-rental-barcelona-hero-group-beach-1600-v1.webp,18.4444,RSB-002 · ZIP auditado + dimensiones físicas
CA,SKATEBOARD,cat/skateboard/index.html,rsb-skateboard-rental-barcelona-vila-olimpica-800.webp,https://rentalscooterbarcelona.com/images/rsb-skateboard-rental-barcelona-vila-olimpica-800.webp,1200,675,800,360,1.777778,2.222222,Relación declarada difiere 20.00% de la relación física,"Usar dimensiones coherentes con el recurso físico; referencia directa: width=""800"" height=""360"", validando CSS.",images/rsb-skateboard-rental-barcelona-vila-olimpica-800.webp,20,RSB-002 · ZIP auditado + dimensiones físicas
CA,SKATEBOARD,cat/skateboard/index.html,rsb-bike-rental-shop-olympic-village-barcelona.webp,https://rentalscooterbarcelona.com/images/rsb-bike-rental-shop-olympic-village-barcelona.webp,1200,675,480,720,1.777778,0.666667,Relación declarada difiere 166.67% de la relación física,"Usar dimensiones coherentes con el recurso físico; referencia directa: width=""480"" height=""720"", validando CSS.",images/rsb-bike-rental-shop-olympic-village-barcelona.webp,166.6667,RSB-002 · ZIP auditado + dimensiones físicas
CA,QUADS,cat/quads/index.html,rsb-bike-rental-shop-olympic-village-barcelona.webp,https://rentalscooterbarcelona.com/images/rsb-bike-rental-shop-olympic-village-barcelona.webp,1200,675,480,720,1.777778,0.666667,Relación declarada difiere 166.67% de la relación física,"Usar dimensiones coherentes con el recurso físico; referencia directa: width=""480"" height=""720"", validando CSS.",images/rsb-bike-rental-shop-olympic-village-barcelona.webp,166.6667,RSB-002 · ZIP auditado + dimensiones físicas
CA,BIKE,cat/bike/index.html,rsb-bike-rental-shop-olympic-village-barcelona.webp,https://rentalscooterbarcelona.com/images/rsb-bike-rental-shop-olympic-village-barcelona.webp,1200,675,480,720,1.777778,0.666667,Relación declarada difiere 166.67% de la relación física,"Usar dimensiones coherentes con el recurso físico; referencia directa: width=""480"" height=""720"", validando CSS.",images/rsb-bike-rental-shop-olympic-village-barcelona.webp,166.6667,RSB-002 · ZIP auditado + dimensiones físicas
CA,PRICES,cat/Prices/index.html,rsb-barcelona-rental-hero-group-beach-800-v1.webp,https://rentalscooterbarcelona.com/images/rsb-barcelona-rental-hero-group-beach-800-v1.webp,800,449,800,437,1.781737,1.830664,Relación declarada difiere 2.67% de la relación física,"Usar dimensiones coherentes con el recurso físico; referencia directa: width=""800"" height=""437"", validando CSS.",images/rsb-barcelona-rental-hero-group-beach-800-v1.webp,2.6726,RSB-002 · ZIP auditado + dimensiones físicas
CA,PRICES,cat/Prices/index.html,rsb-scooter-rental-barcelona-vila-olimpica-800.webp,https://rentalscooterbarcelona.com/images/rsb-scooter-rental-barcelona-vila-olimpica-800.webp,800,533,800,936,1.500938,0.854701,Relación declarada difiere 75.61% de la relación física,"Usar dimensiones coherentes con el recurso físico; referencia directa: width=""800"" height=""936"", validando CSS.",images/rsb-scooter-rental-barcelona-vila-olimpica-800.webp,75.6098,RSB-002 · ZIP auditado + dimensiones físicas
CA,PRICES,cat/Prices/index.html,rsb-skateboard-rental-barcelona-vila-olimpica-800.webp,https://rentalscooterbarcelona.com/images/rsb-skateboard-rental-barcelona-vila-olimpica-800.webp,800,533,800,360,1.500938,2.222222,Relación declarada difiere 32.46% de la relación física,"Usar dimensiones coherentes con el recurso físico; referencia directa: width=""800"" height=""360"", validando CSS.",images/rsb-skateboard-rental-barcelona-vila-olimpica-800.webp,32.4578,RSB-002 · ZIP auditado + dimensiones físicas
CA,PRICES,cat/Prices/index.html,rsb-barcelona-rental-shop-interior-inline-skates-bike-vila-olimpica-640.webp,https://rentalscooterbarcelona.com/images/rsb-barcelona-rental-shop-interior-inline-skates-bike-vila-olimpica-640.webp,1200,800,640,336,1.5,1.904762,Relación declarada difiere 21.25% de la relación física,"Usar dimensiones coherentes con el recurso físico; referencia directa: width=""640"" height=""336"", validando CSS.",images/rsb-barcelona-rental-shop-interior-inline-skates-bike-vila-olimpica-640.webp,21.25,RSB-002 · ZIP auditado + dimensiones físicas
CA,PRICES,cat/Prices/index.html,rsb-bike-rental-shop-olympic-village-barcelona.webp,https://rentalscooterbarcelona.com/images/rsb-bike-rental-shop-olympic-village-barcelona.webp,1200,675,480,720,1.777778,0.666667,Relación declarada difiere 166.67% de la relación física,"Usar dimensiones coherentes con el recurso físico; referencia directa: width=""480"" height=""720"", validando CSS.",images/rsb-bike-rental-shop-olympic-village-barcelona.webp,166.6667,RSB-002 · ZIP auditado + dimensiones físicas
CA,PRICES,cat/Prices/index.html,rsb-barcelona-rental-hero-group-beach-800-v1.webp,https://rentalscooterbarcelona.com/images/rsb-barcelona-rental-hero-group-beach-800-v1.webp,1600,899,800,437,1.779755,1.830664,Relación declarada difiere 2.78% de la relación física,"Usar dimensiones coherentes con el recurso físico; referencia directa: width=""800"" height=""437"", validando CSS.",images/rsb-barcelona-rental-hero-group-beach-800-v1.webp,2.7809,RSB-002 · ZIP auditado + dimensiones físicas
CA,ROLLERBLADES,cat/rollerblades/index.html,rsb-rollerblades-rental-barcelona-hero-group-beach-1600-v1.webp,https://rentalscooterbarcelona.com/images/rsb-rollerblades-rental-barcelona-hero-group-beach-1600-v1.webp,1600,900,1600,874,1.777778,1.830664,Relación declarada difiere 2.89% de la relación física,"Usar dimensiones coherentes con el recurso físico; referencia directa: width=""1600"" height=""874"", validando CSS.",images/rsb-rollerblades-rental-barcelona-hero-group-beach-1600-v1.webp,2.8889,RSB-002 · ZIP auditado + dimensiones físicas
CA,ROLLERBLADES,cat/rollerblades/index.html,rsb-rollerblades-rental-barcelona-hero-group-beach-1600-v1.webp,https://rentalscooterbarcelona.com/images/rsb-rollerblades-rental-barcelona-hero-group-beach-1600-v1.webp,1600,900,1600,874,1.777778,1.830664,Relación declarada difiere 2.89% de la relación física,"Usar dimensiones coherentes con el recurso físico; referencia directa: width=""1600"" height=""874"", validando CSS.",images/rsb-rollerblades-rental-barcelona-hero-group-beach-1600-v1.webp,2.8889,RSB-002 · ZIP auditado + dimensiones físicas
CA,ROLLERBLADES,cat/rollerblades/index.html,rsb-bike-rental-shop-olympic-village-barcelona.webp,https://rentalscooterbarcelona.com/images/rsb-bike-rental-shop-olympic-village-barcelona.webp,1200,675,480,720,1.777778,0.666667,Relación declarada difiere 166.67% de la relación física,"Usar dimensiones coherentes con el recurso físico; referencia directa: width=""480"" height=""720"", validando CSS.",images/rsb-bike-rental-shop-olympic-village-barcelona.webp,166.6667,RSB-002 · ZIP auditado + dimensiones físicas
CA,LOCATION_CONTACT,cat/location-contact/index.html,rsb-rental-scooter-barcelona-shop-vila-olimpica.webp,https://rentalscooterbarcelona.com/images/rsb-rental-scooter-barcelona-shop-vila-olimpica.webp,1200,800,585,594,1.5,0.984848,Relación declarada difiere 52.31% de la relación física,"Usar dimensiones coherentes con el recurso físico; referencia directa: width=""585"" height=""594"", validando CSS.",images/rsb-rental-scooter-barcelona-shop-vila-olimpica.webp,52.3077,RSB-002 · ZIP auditado + dimensiones físicas
CA,BLOG_INDEX,cat/blog/index.html,rsb-barcelona-rental-hero-group-beach-1600-v1.webp,https://rentalscooterbarcelona.com/images/rsb-barcelona-rental-hero-group-beach-1600-v1.webp,1600,900,1600,874,1.777778,1.830664,Relación declarada difiere 2.89% de la relación física,"Usar dimensiones coherentes con el recurso físico; referencia directa: width=""1600"" height=""874"", validando CSS.",images/rsb-barcelona-rental-hero-group-beach-1600-v1.webp,2.8889,RSB-002 · ZIP auditado + dimensiones físicas
CA,SCOOTER,cat/scooter/index.html,rsb-scooter-rental-barcelona-hero-group-v1-1536.webp,https://rentalscooterbarcelona.com/images/rsb-scooter-rental-barcelona-hero-group-v1-1536.webp,1536,864,1536,672,1.777778,2.285714,Relación declarada difiere 22.22% de la relación física,"Usar dimensiones coherentes con el recurso físico; referencia directa: width=""1536"" height=""672"", validando CSS.",images/rsb-scooter-rental-barcelona-hero-group-v1-1536.webp,22.2222,RSB-002 · ZIP auditado + dimensiones físicas
CA,SCOOTER,cat/scooter/index.html,rsb-rental-scooter-barcelona-shop-vila-olimpica.webp,https://rentalscooterbarcelona.com/images/rsb-rental-scooter-barcelona-shop-vila-olimpica.webp,1200,675,585,594,1.777778,0.984848,Relación declarada difiere 80.51% de la relación física,"Usar dimensiones coherentes con el recurso físico; referencia directa: width=""585"" height=""594"", validando CSS.",images/rsb-rental-scooter-barcelona-shop-vila-olimpica.webp,80.5128,RSB-002 · ZIP auditado + dimensiones físicas
CA,LONGBOARD,cat/longboard/index.html,rsb-longboard-rental-barcelona-hero-group-beach-1600-v1.webp,https://rentalscooterbarcelona.com/images/rsb-longboard-rental-barcelona-hero-group-beach-1600-v1.webp,1600,900,1600,1066,1.777778,1.500938,Relación declarada difiere 18.44% de la relación física,"Usar dimensiones coherentes con el recurso físico; referencia directa: width=""1600"" height=""1066"", validando CSS.",images/rsb-longboard-rental-barcelona-hero-group-beach-1600-v1.webp,18.4444,RSB-002 · ZIP auditado + dimensiones físicas
CA,LONGBOARD,cat/longboard/index.html,rsb-longboard-rental-barcelona-vila-olimpica-800.webp,https://rentalscooterbarcelona.com/images/rsb-longboard-rental-barcelona-vila-olimpica-800.webp,1200,675,800,478,1.777778,1.67364,Relación declarada difiere 6.22% de la relación física,"Usar dimensiones coherentes con el recurso físico; referencia directa: width=""800"" height=""478"", validando CSS.",images/rsb-longboard-rental-barcelona-vila-olimpica-800.webp,6.2222,RSB-002 · ZIP auditado + dimensiones físicas
CA,LONGBOARD,cat/longboard/index.html,rsb-bike-rental-shop-olympic-village-barcelona.webp,https://rentalscooterbarcelona.com/images/rsb-bike-rental-shop-olympic-village-barcelona.webp,1200,675,480,720,1.777778,0.666667,Relación declarada difiere 166.67% de la relación física,"Usar dimensiones coherentes con el recurso físico; referencia directa: width=""480"" height=""720"", validando CSS.",images/rsb-bike-rental-shop-olympic-village-barcelona.webp,166.6667,RSB-002 · ZIP auditado + dimensiones físicas
CA,BLOG_BEST_ROUTES,cat/blog/best-rollerblading-routes-barcelona/index.html,rsb-inline-skates-rental-barcelona-vila-olimpica-800.webp,https://rentalscooterbarcelona.com/images/rsb-inline-skates-rental-barcelona-vila-olimpica-800.webp,1600,900,800,533,1.777778,1.500938,Relación declarada difiere 18.44% de la relación física,"Usar dimensiones coherentes con el recurso físico; referencia directa: width=""800"" height=""533"", validando CSS.",images/rsb-inline-skates-rental-barcelona-vila-olimpica-800.webp,18.4444,RSB-002 · ZIP auditado + dimensiones físicas
CA,BLOG_ROLLER_SKATES,cat/blog/roller-skates/index.html,rsb-quad-skates-rental-barcelona-vila-olimpica-800.webp,https://rentalscooterbarcelona.com/images/rsb-quad-skates-rental-barcelona-vila-olimpica-800.webp,1600,900,800,533,1.777778,1.500938,Relación declarada difiere 18.44% de la relación física,"Usar dimensiones coherentes con el recurso físico; referencia directa: width=""800"" height=""533"", validando CSS.",images/rsb-quad-skates-rental-barcelona-vila-olimpica-800.webp,18.4444,RSB-002 · ZIP auditado + dimensiones físicas
CA,BLOG_SKATEBOARD,cat/blog/skateboard/index.html,rsb-skateboard-rental-barcelona-vila-olimpica-800.webp,https://rentalscooterbarcelona.com/images/rsb-skateboard-rental-barcelona-vila-olimpica-800.webp,1600,900,800,360,1.777778,2.222222,Relación declarada difiere 20.00% de la relación física,"Usar dimensiones coherentes con el recurso físico; referencia directa: width=""800"" height=""360"", validando CSS.",images/rsb-skateboard-rental-barcelona-vila-olimpica-800.webp,20,RSB-002 · ZIP auditado + dimensiones físicas
CA,BLOG_INLINE_SKATES,cat/blog/inline-skates/index.html,rsb-inline-skates-rental-barcelona-vila-olimpica-800.webp,https://rentalscooterbarcelona.com/images/rsb-inline-skates-rental-barcelona-vila-olimpica-800.webp,1600,900,800,533,1.777778,1.500938,Relación declarada difiere 18.44% de la relación física,"Usar dimensiones coherentes con el recurso físico; referencia directa: width=""800"" height=""533"", validando CSS.",images/rsb-inline-skates-rental-barcelona-vila-olimpica-800.webp,18.4444,RSB-002 · ZIP auditado + dimensiones físicas
CA,BLOG_BIKE,cat/blog/bike/index.html,rsb-bike-rental-barcelona-vila-olimpica-800.webp,https://rentalscooterbarcelona.com/images/rsb-bike-rental-barcelona-vila-olimpica-800.webp,1600,900,800,533,1.777778,1.500938,Relación declarada difiere 18.44% de la relación física,"Usar dimensiones coherentes con el recurso físico; referencia directa: width=""800"" height=""533"", validando CSS.",images/rsb-bike-rental-barcelona-vila-olimpica-800.webp,18.4444,RSB-002 · ZIP auditado + dimensiones físicas
CA,BLOG_BEGINNER_INLINE,cat/blog/patinar-linia-barcelona-principiants/index.html,rsb-inline-skates-rental-barcelona-vila-olimpica-800.webp,https://rentalscooterbarcelona.com/images/rsb-inline-skates-rental-barcelona-vila-olimpica-800.webp,1600,900,800,533,1.777778,1.500938,Relación declarada difiere 18.44% de la relación física,"Usar dimensiones coherentes con el recurso físico; referencia directa: width=""800"" height=""533"", validando CSS.",images/rsb-inline-skates-rental-barcelona-vila-olimpica-800.webp,18.4444,RSB-002 · ZIP auditado + dimensiones físicas
CA,BLOG_50CC_VS_125CC,cat/blog/50cc-vs-125cc-scooter-rental-barcelona/index.html,rsb-scooter-rental-barcelona-vila-olimpica-800.webp,https://rentalscooterbarcelona.com/images/rsb-scooter-rental-barcelona-vila-olimpica-800.webp,1600,900,800,936,1.777778,0.854701,Relación declarada difiere 108.00% de la relación física,"Usar dimensiones coherentes con el recurso físico; referencia directa: width=""800"" height=""936"", validando CSS.",images/rsb-scooter-rental-barcelona-vila-olimpica-800.webp,108,RSB-002 · ZIP auditado + dimensiones físicas
CA,BLOG_HOURLY_INLINE_RENTAL,cat/blog/lloguer-patins-linia-barcelona-per-hores/index.html,rsb-inline-skates-rental-barcelona-vila-olimpica-800.webp,https://rentalscooterbarcelona.com/images/rsb-inline-skates-rental-barcelona-vila-olimpica-800.webp,1600,900,800,533,1.777778,1.500938,Relación declarada difiere 18.44% de la relación física,"Usar dimensiones coherentes con el recurso físico; referencia directa: width=""800"" height=""533"", validando CSS.",images/rsb-inline-skates-rental-barcelona-vila-olimpica-800.webp,18.4444,RSB-002 · ZIP auditado + dimensiones físicas
CA,BLOG_SCOOTER,cat/blog/scooter/index.html,rsb-scooter-rental-barcelona-vila-olimpica-800.webp,https://rentalscooterbarcelona.com/images/rsb-scooter-rental-barcelona-vila-olimpica-800.webp,1600,900,800,936,1.777778,0.854701,Relación declarada difiere 108.00% de la relación física,"Usar dimensiones coherentes con el recurso físico; referencia directa: width=""800"" height=""936"", validando CSS.",images/rsb-scooter-rental-barcelona-vila-olimpica-800.webp,108,RSB-002 · ZIP auditado + dimensiones físicas
CA,BLOG_LONGBOARD,cat/blog/longboard/index.html,rsb-longboard-rental-barcelona-vila-olimpica-800.webp,https://rentalscooterbarcelona.com/images/rsb-longboard-rental-barcelona-vila-olimpica-800.webp,1600,900,800,478,1.777778,1.67364,Relación declarada difiere 6.22% de la relación física,"Usar dimensiones coherentes con el recurso físico; referencia directa: width=""800"" height=""478"", validando CSS.",images/rsb-longboard-rental-barcelona-vila-olimpica-800.webp,6.2222,RSB-002 · ZIP auditado + dimensiones físicas
EN,BLOG_BEST_ROUTES,blog/best-rollerblading-routes-barcelona/index.html,rsb-inline-skates-rental-barcelona-vila-olimpica-800.webp,https://rentalscooterbarcelona.com/images/rsb-inline-skates-rental-barcelona-vila-olimpica-800.webp,1600,900,800,533,1.777778,1.500938,Relación declarada difiere 18.44% de la relación física,"Usar dimensiones coherentes con el recurso físico; referencia directa: width=""800"" height=""533"", validando CSS.",images/rsb-inline-skates-rental-barcelona-vila-olimpica-800.webp,18.4444,RSB-002 · ZIP auditado + dimensiones físicas
EN,BLOG_ROLLER_SKATES,blog/roller-skates/index.html,rsb-quad-skates-rental-barcelona-vila-olimpica-800.webp,https://rentalscooterbarcelona.com/images/rsb-quad-skates-rental-barcelona-vila-olimpica-800.webp,1600,900,800,533,1.777778,1.500938,Relación declarada difiere 18.44% de la relación física,"Usar dimensiones coherentes con el recurso físico; referencia directa: width=""800"" height=""533"", validando CSS.",images/rsb-quad-skates-rental-barcelona-vila-olimpica-800.webp,18.4444,RSB-002 · ZIP auditado + dimensiones físicas
EN,BLOG_BEGINNER_INLINE,blog/beginner-inline-skating-barcelona/index.html,rsb-inline-skates-rental-barcelona-vila-olimpica-800.webp,https://rentalscooterbarcelona.com/images/rsb-inline-skates-rental-barcelona-vila-olimpica-800.webp,1600,900,800,533,1.777778,1.500938,Relación declarada difiere 18.44% de la relación física,"Usar dimensiones coherentes con el recurso físico; referencia directa: width=""800"" height=""533"", validando CSS.",images/rsb-inline-skates-rental-barcelona-vila-olimpica-800.webp,18.4444,RSB-002 · ZIP auditado + dimensiones físicas
EN,BLOG_SKATEBOARD,blog/skateboard/index.html,rsb-skateboard-rental-barcelona-vila-olimpica-800.webp,https://rentalscooterbarcelona.com/images/rsb-skateboard-rental-barcelona-vila-olimpica-800.webp,1600,900,800,360,1.777778,2.222222,Relación declarada difiere 20.00% de la relación física,"Usar dimensiones coherentes con el recurso físico; referencia directa: width=""800"" height=""360"", validando CSS.",images/rsb-skateboard-rental-barcelona-vila-olimpica-800.webp,20,RSB-002 · ZIP auditado + dimensiones físicas
EN,BLOG_INLINE_SKATES,blog/inline-skates/index.html,rsb-inline-skates-rental-barcelona-vila-olimpica-800.webp,https://rentalscooterbarcelona.com/images/rsb-inline-skates-rental-barcelona-vila-olimpica-800.webp,1600,900,800,533,1.777778,1.500938,Relación declarada difiere 18.44% de la relación física,"Usar dimensiones coherentes con el recurso físico; referencia directa: width=""800"" height=""533"", validando CSS.",images/rsb-inline-skates-rental-barcelona-vila-olimpica-800.webp,18.4444,RSB-002 · ZIP auditado + dimensiones físicas
EN,BLOG_BIKE,blog/bike/index.html,rsb-bike-rental-barcelona-vila-olimpica-800.webp,https://rentalscooterbarcelona.com/images/rsb-bike-rental-barcelona-vila-olimpica-800.webp,1600,900,800,533,1.777778,1.500938,Relación declarada difiere 18.44% de la relación física,"Usar dimensiones coherentes con el recurso físico; referencia directa: width=""800"" height=""533"", validando CSS.",images/rsb-bike-rental-barcelona-vila-olimpica-800.webp,18.4444,RSB-002 · ZIP auditado + dimensiones físicas
EN,BLOG_50CC_VS_125CC,blog/50cc-vs-125cc-scooter-rental-barcelona/index.html,rsb-scooter-rental-barcelona-vila-olimpica-800.webp,https://rentalscooterbarcelona.com/images/rsb-scooter-rental-barcelona-vila-olimpica-800.webp,1600,900,800,936,1.777778,0.854701,Relación declarada difiere 108.00% de la relación física,"Usar dimensiones coherentes con el recurso físico; referencia directa: width=""800"" height=""936"", validando CSS.",images/rsb-scooter-rental-barcelona-vila-olimpica-800.webp,108,RSB-002 · ZIP auditado + dimensiones físicas
EN,BLOG_HOURLY_INLINE_RENTAL,blog/hourly-inline-skate-rental-barcelona/index.html,rsb-inline-skates-rental-barcelona-vila-olimpica-800.webp,https://rentalscooterbarcelona.com/images/rsb-inline-skates-rental-barcelona-vila-olimpica-800.webp,1600,900,800,533,1.777778,1.500938,Relación declarada difiere 18.44% de la relación física,"Usar dimensiones coherentes con el recurso físico; referencia directa: width=""800"" height=""533"", validando CSS.",images/rsb-inline-skates-rental-barcelona-vila-olimpica-800.webp,18.4444,RSB-002 · ZIP auditado + dimensiones físicas
EN,BLOG_SCOOTER,blog/scooter/index.html,rsb-scooter-rental-barcelona-vila-olimpica-800.webp,https://rentalscooterbarcelona.com/images/rsb-scooter-rental-barcelona-vila-olimpica-800.webp,1600,900,800,936,1.777778,0.854701,Relación declarada difiere 108.00% de la relación física,"Usar dimensiones coherentes con el recurso físico; referencia directa: width=""800"" height=""936"", validando CSS.",images/rsb-scooter-rental-barcelona-vila-olimpica-800.webp,108,RSB-002 · ZIP auditado + dimensiones físicas
EN,BLOG_LONGBOARD,blog/longboard/index.html,rsb-longboard-rental-barcelona-vila-olimpica-800.webp,https://rentalscooterbarcelona.com/images/rsb-longboard-rental-barcelona-vila-olimpica-800.webp,1600,900,800,478,1.777778,1.67364,Relación declarada difiere 6.22% de la relación física,"Usar dimensiones coherentes con el recurso físico; referencia directa: width=""800"" height=""478"", validando CSS.",images/rsb-longboard-rental-barcelona-vila-olimpica-800.webp,6.2222,RSB-002 · ZIP auditado + dimensiones físicas
FR,SKATEBOARD,fr/skateboard/index.html,rsb-skateboard-rental-barcelona-hero-group-beach-1600-v1.webp,https://rentalscooterbarcelona.com/images/rsb-skateboard-rental-barcelona-hero-group-beach-1600-v1.webp,1600,900,1600,1066,1.777778,1.500938,Relación declarada difiere 18.44% de la relación física,"Usar dimensiones coherentes con el recurso físico; referencia directa: width=""1600"" height=""1066"", validando CSS.",images/rsb-skateboard-rental-barcelona-hero-group-beach-1600-v1.webp,18.4444,RSB-002 · ZIP auditado + dimensiones físicas
FR,SKATEBOARD,fr/skateboard/index.html,rsb-skateboard-rental-barcelona-vila-olimpica-800.webp,https://rentalscooterbarcelona.com/images/rsb-skateboard-rental-barcelona-vila-olimpica-800.webp,1200,675,800,360,1.777778,2.222222,Relación declarada difiere 20.00% de la relación física,"Usar dimensiones coherentes con el recurso físico; referencia directa: width=""800"" height=""360"", validando CSS.",images/rsb-skateboard-rental-barcelona-vila-olimpica-800.webp,20,RSB-002 · ZIP auditado + dimensiones físicas
FR,SKATEBOARD,fr/skateboard/index.html,rsb-bike-rental-shop-olympic-village-barcelona.webp,https://rentalscooterbarcelona.com/images/rsb-bike-rental-shop-olympic-village-barcelona.webp,1200,675,480,720,1.777778,0.666667,Relación declarada difiere 166.67% de la relación física,"Usar dimensiones coherentes con el recurso físico; referencia directa: width=""480"" height=""720"", validando CSS.",images/rsb-bike-rental-shop-olympic-village-barcelona.webp,166.6667,RSB-002 · ZIP auditado + dimensiones físicas
FR,QUADS,fr/quads/index.html,rsb-bike-rental-shop-olympic-village-barcelona.webp,https://rentalscooterbarcelona.com/images/rsb-bike-rental-shop-olympic-village-barcelona.webp,1200,675,480,720,1.777778,0.666667,Relación declarada difiere 166.67% de la relación física,"Usar dimensiones coherentes con el recurso físico; referencia directa: width=""480"" height=""720"", validando CSS.",images/rsb-bike-rental-shop-olympic-village-barcelona.webp,166.6667,RSB-002 · ZIP auditado + dimensiones físicas
FR,BIKE,fr/bike/index.html,rsb-bike-rental-shop-olympic-village-barcelona.webp,https://rentalscooterbarcelona.com/images/rsb-bike-rental-shop-olympic-village-barcelona.webp,1200,675,480,720,1.777778,0.666667,Relación declarada difiere 166.67% de la relación física,"Usar dimensiones coherentes con el recurso físico; referencia directa: width=""480"" height=""720"", validando CSS.",images/rsb-bike-rental-shop-olympic-village-barcelona.webp,166.6667,RSB-002 · ZIP auditado + dimensiones físicas
FR,PRICES,fr/Prices/index.html,rsb-barcelona-rental-hero-group-beach-800-v1.webp,https://rentalscooterbarcelona.com/images/rsb-barcelona-rental-hero-group-beach-800-v1.webp,800,449,800,437,1.781737,1.830664,Relación declarada difiere 2.67% de la relación física,"Usar dimensiones coherentes con el recurso físico; referencia directa: width=""800"" height=""437"", validando CSS.",images/rsb-barcelona-rental-hero-group-beach-800-v1.webp,2.6726,RSB-002 · ZIP auditado + dimensiones físicas
FR,PRICES,fr/Prices/index.html,rsb-scooter-rental-barcelona-vila-olimpica-800.webp,https://rentalscooterbarcelona.com/images/rsb-scooter-rental-barcelona-vila-olimpica-800.webp,800,533,800,936,1.500938,0.854701,Relación declarada difiere 75.61% de la relación física,"Usar dimensiones coherentes con el recurso físico; referencia directa: width=""800"" height=""936"", validando CSS.",images/rsb-scooter-rental-barcelona-vila-olimpica-800.webp,75.6098,RSB-002 · ZIP auditado + dimensiones físicas
FR,PRICES,fr/Prices/index.html,rsb-skateboard-rental-barcelona-vila-olimpica-800.webp,https://rentalscooterbarcelona.com/images/rsb-skateboard-rental-barcelona-vila-olimpica-800.webp,800,533,800,360,1.500938,2.222222,Relación declarada difiere 32.46% de la relación física,"Usar dimensiones coherentes con el recurso físico; referencia directa: width=""800"" height=""360"", validando CSS.",images/rsb-skateboard-rental-barcelona-vila-olimpica-800.webp,32.4578,RSB-002 · ZIP auditado + dimensiones físicas
FR,PRICES,fr/Prices/index.html,rsb-barcelona-rental-shop-interior-inline-skates-bike-vila-olimpica-640.webp,https://rentalscooterbarcelona.com/images/rsb-barcelona-rental-shop-interior-inline-skates-bike-vila-olimpica-640.webp,1200,800,640,336,1.5,1.904762,Relación declarada difiere 21.25% de la relación física,"Usar dimensiones coherentes con el recurso físico; referencia directa: width=""640"" height=""336"", validando CSS.",images/rsb-barcelona-rental-shop-interior-inline-skates-bike-vila-olimpica-640.webp,21.25,RSB-002 · ZIP auditado + dimensiones físicas
FR,PRICES,fr/Prices/index.html,rsb-bike-rental-shop-olympic-village-barcelona.webp,https://rentalscooterbarcelona.com/images/rsb-bike-rental-shop-olympic-village-barcelona.webp,1200,675,480,720,1.777778,0.666667,Relación declarada difiere 166.67% de la relación física,"Usar dimensiones coherentes con el recurso físico; referencia directa: width=""480"" height=""720"", validando CSS.",images/rsb-bike-rental-shop-olympic-village-barcelona.webp,166.6667,RSB-002 · ZIP auditado + dimensiones físicas
FR,PRICES,fr/Prices/index.html,rsb-barcelona-rental-hero-group-beach-800-v1.webp,https://rentalscooterbarcelona.com/images/rsb-barcelona-rental-hero-group-beach-800-v1.webp,1600,899,800,437,1.779755,1.830664,Relación declarada difiere 2.78% de la relación física,"Usar dimensiones coherentes con el recurso físico; referencia directa: width=""800"" height=""437"", validando CSS.",images/rsb-barcelona-rental-hero-group-beach-800-v1.webp,2.7809,RSB-002 · ZIP auditado + dimensiones físicas
FR,ROLLERBLADES,fr/rollerblades/index.html,rsb-rollerblades-rental-barcelona-hero-group-beach-1600-v1.webp,https://rentalscooterbarcelona.com/images/rsb-rollerblades-rental-barcelona-hero-group-beach-1600-v1.webp,1600,900,1600,874,1.777778,1.830664,Relación declarada difiere 2.89% de la relación física,"Usar dimensiones coherentes con el recurso físico; referencia directa: width=""1600"" height=""874"", validando CSS.",images/rsb-rollerblades-rental-barcelona-hero-group-beach-1600-v1.webp,2.8889,RSB-002 · ZIP auditado + dimensiones físicas
FR,ROLLERBLADES,fr/rollerblades/index.html,rsb-rollerblades-rental-barcelona-hero-group-beach-1600-v1.webp,https://rentalscooterbarcelona.com/images/rsb-rollerblades-rental-barcelona-hero-group-beach-1600-v1.webp,1600,900,1600,874,1.777778,1.830664,Relación declarada difiere 2.89% de la relación física,"Usar dimensiones coherentes con el recurso físico; referencia directa: width=""1600"" height=""874"", validando CSS.",images/rsb-rollerblades-rental-barcelona-hero-group-beach-1600-v1.webp,2.8889,RSB-002 · ZIP auditado + dimensiones físicas
FR,ROLLERBLADES,fr/rollerblades/index.html,rsb-bike-rental-shop-olympic-village-barcelona.webp,https://rentalscooterbarcelona.com/images/rsb-bike-rental-shop-olympic-village-barcelona.webp,1200,675,480,720,1.777778,0.666667,Relación declarada difiere 166.67% de la relación física,"Usar dimensiones coherentes con el recurso físico; referencia directa: width=""480"" height=""720"", validando CSS.",images/rsb-bike-rental-shop-olympic-village-barcelona.webp,166.6667,RSB-002 · ZIP auditado + dimensiones físicas
FR,LOCATION_CONTACT,fr/location-contact/index.html,rsb-rental-scooter-barcelona-shop-vila-olimpica.webp,https://rentalscooterbarcelona.com/images/rsb-rental-scooter-barcelona-shop-vila-olimpica.webp,1200,800,585,594,1.5,0.984848,Relación declarada difiere 52.31% de la relación física,"Usar dimensiones coherentes con el recurso físico; referencia directa: width=""585"" height=""594"", validando CSS.",images/rsb-rental-scooter-barcelona-shop-vila-olimpica.webp,52.3077,RSB-002 · ZIP auditado + dimensiones físicas
FR,BLOG_INDEX,fr/blog/index.html,rsb-barcelona-rental-hero-group-beach-1600-v1.webp,https://rentalscooterbarcelona.com/images/rsb-barcelona-rental-hero-group-beach-1600-v1.webp,1600,900,1600,874,1.777778,1.830664,Relación declarada difiere 2.89% de la relación física,"Usar dimensiones coherentes con el recurso físico; referencia directa: width=""1600"" height=""874"", validando CSS.",images/rsb-barcelona-rental-hero-group-beach-1600-v1.webp,2.8889,RSB-002 · ZIP auditado + dimensiones físicas
FR,SCOOTER,fr/scooter/index.html,rsb-scooter-rental-barcelona-hero-group-v1-1536.webp,https://rentalscooterbarcelona.com/images/rsb-scooter-rental-barcelona-hero-group-v1-1536.webp,1536,864,1536,672,1.777778,2.285714,Relación declarada difiere 22.22% de la relación física,"Usar dimensiones coherentes con el recurso físico; referencia directa: width=""1536"" height=""672"", validando CSS.",images/rsb-scooter-rental-barcelona-hero-group-v1-1536.webp,22.2222,RSB-002 · ZIP auditado + dimensiones físicas
FR,SCOOTER,fr/scooter/index.html,rsb-rental-scooter-barcelona-shop-vila-olimpica.webp,https://rentalscooterbarcelona.com/images/rsb-rental-scooter-barcelona-shop-vila-olimpica.webp,1200,675,585,594,1.777778,0.984848,Relación declarada difiere 80.51% de la relación física,"Usar dimensiones coherentes con el recurso físico; referencia directa: width=""585"" height=""594"", validando CSS.",images/rsb-rental-scooter-barcelona-shop-vila-olimpica.webp,80.5128,RSB-002 · ZIP auditado + dimensiones físicas
FR,LONGBOARD,fr/longboard/index.html,rsb-longboard-rental-barcelona-hero-group-beach-1600-v1.webp,https://rentalscooterbarcelona.com/images/rsb-longboard-rental-barcelona-hero-group-beach-1600-v1.webp,1600,900,1600,1066,1.777778,1.500938,Relación declarada difiere 18.44% de la relación física,"Usar dimensiones coherentes con el recurso físico; referencia directa: width=""1600"" height=""1066"", validando CSS.",images/rsb-longboard-rental-barcelona-hero-group-beach-1600-v1.webp,18.4444,RSB-002 · ZIP auditado + dimensiones físicas
FR,LONGBOARD,fr/longboard/index.html,rsb-longboard-rental-barcelona-vila-olimpica-800.webp,https://rentalscooterbarcelona.com/images/rsb-longboard-rental-barcelona-vila-olimpica-800.webp,1200,675,800,478,1.777778,1.67364,Relación declarada difiere 6.22% de la relación física,"Usar dimensiones coherentes con el recurso físico; referencia directa: width=""800"" height=""478"", validando CSS.",images/rsb-longboard-rental-barcelona-vila-olimpica-800.webp,6.2222,RSB-002 · ZIP auditado + dimensiones físicas
FR,LONGBOARD,fr/longboard/index.html,rsb-bike-rental-shop-olympic-village-barcelona.webp,https://rentalscooterbarcelona.com/images/rsb-bike-rental-shop-olympic-village-barcelona.webp,1200,675,480,720,1.777778,0.666667,Relación declarada difiere 166.67% de la relación física,"Usar dimensiones coherentes con el recurso físico; referencia directa: width=""480"" height=""720"", validando CSS.",images/rsb-bike-rental-shop-olympic-village-barcelona.webp,166.6667,RSB-002 · ZIP auditado + dimensiones físicas
FR,BLOG_BEST_ROUTES,fr/blog/best-rollerblading-routes-barcelona/index.html,rsb-inline-skates-rental-barcelona-vila-olimpica-800.webp,https://rentalscooterbarcelona.com/images/rsb-inline-skates-rental-barcelona-vila-olimpica-800.webp,1600,900,800,533,1.777778,1.500938,Relación declarada difiere 18.44% de la relación física,"Usar dimensiones coherentes con el recurso físico; referencia directa: width=""800"" height=""533"", validando CSS.",images/rsb-inline-skates-rental-barcelona-vila-olimpica-800.webp,18.4444,RSB-002 · ZIP auditado + dimensiones físicas
FR,BLOG_HOURLY_INLINE_RENTAL,fr/blog/location-rollers-en-ligne-barcelone-heure/index.html,rsb-inline-skates-rental-barcelona-vila-olimpica-800.webp,https://rentalscooterbarcelona.com/images/rsb-inline-skates-rental-barcelona-vila-olimpica-800.webp,1600,900,800,533,1.777778,1.500938,Relación declarada difiere 18.44% de la relación física,"Usar dimensiones coherentes con el recurso físico; referencia directa: width=""800"" height=""533"", validando CSS.",images/rsb-inline-skates-rental-barcelona-vila-olimpica-800.webp,18.4444,RSB-002 · ZIP auditado + dimensiones físicas
FR,BLOG_ROLLER_SKATES,fr/blog/roller-skates/index.html,rsb-quad-skates-rental-barcelona-vila-olimpica-800.webp,https://rentalscooterbarcelona.com/images/rsb-quad-skates-rental-barcelona-vila-olimpica-800.webp,1600,900,800,533,1.777778,1.500938,Relación declarada difiere 18.44% de la relación física,"Usar dimensiones coherentes con el recurso físico; referencia directa: width=""800"" height=""533"", validando CSS.",images/rsb-quad-skates-rental-barcelona-vila-olimpica-800.webp,18.4444,RSB-002 · ZIP auditado + dimensiones físicas
FR,BLOG_SKATEBOARD,fr/blog/skateboard/index.html,rsb-skateboard-rental-barcelona-vila-olimpica-800.webp,https://rentalscooterbarcelona.com/images/rsb-skateboard-rental-barcelona-vila-olimpica-800.webp,1600,900,800,360,1.777778,2.222222,Relación declarada difiere 20.00% de la relación física,"Usar dimensiones coherentes con el recurso físico; referencia directa: width=""800"" height=""360"", validando CSS.",images/rsb-skateboard-rental-barcelona-vila-olimpica-800.webp,20,RSB-002 · ZIP auditado + dimensiones físicas
FR,BLOG_INLINE_SKATES,fr/blog/inline-skates/index.html,rsb-inline-skates-rental-barcelona-vila-olimpica-800.webp,https://rentalscooterbarcelona.com/images/rsb-inline-skates-rental-barcelona-vila-olimpica-800.webp,1600,900,800,533,1.777778,1.500938,Relación declarada difiere 18.44% de la relación física,"Usar dimensiones coherentes con el recurso físico; referencia directa: width=""800"" height=""533"", validando CSS.",images/rsb-inline-skates-rental-barcelona-vila-olimpica-800.webp,18.4444,RSB-002 · ZIP auditado + dimensiones físicas
FR,BLOG_BEGINNER_INLINE,fr/blog/roller-en-ligne-debutants-barcelone/index.html,rsb-inline-skates-rental-barcelona-vila-olimpica-800.webp,https://rentalscooterbarcelona.com/images/rsb-inline-skates-rental-barcelona-vila-olimpica-800.webp,1600,900,800,533,1.777778,1.500938,Relación declarada difiere 18.44% de la relación física,"Usar dimensiones coherentes con el recurso físico; referencia directa: width=""800"" height=""533"", validando CSS.",images/rsb-inline-skates-rental-barcelona-vila-olimpica-800.webp,18.4444,RSB-002 · ZIP auditado + dimensiones físicas
FR,BLOG_BIKE,fr/blog/bike/index.html,rsb-bike-rental-barcelona-vila-olimpica-800.webp,https://rentalscooterbarcelona.com/images/rsb-bike-rental-barcelona-vila-olimpica-800.webp,1600,900,800,533,1.777778,1.500938,Relación declarada difiere 18.44% de la relación física,"Usar dimensiones coherentes con el recurso físico; referencia directa: width=""800"" height=""533"", validando CSS.",images/rsb-bike-rental-barcelona-vila-olimpica-800.webp,18.4444,RSB-002 · ZIP auditado + dimensiones físicas
FR,BLOG_50CC_VS_125CC,fr/blog/50cc-vs-125cc-scooter-rental-barcelona/index.html,rsb-scooter-rental-barcelona-vila-olimpica-800.webp,https://rentalscooterbarcelona.com/images/rsb-scooter-rental-barcelona-vila-olimpica-800.webp,1600,900,800,936,1.777778,0.854701,Relación declarada difiere 108.00% de la relación física,"Usar dimensiones coherentes con el recurso físico; referencia directa: width=""800"" height=""936"", validando CSS.",images/rsb-scooter-rental-barcelona-vila-olimpica-800.webp,108,RSB-002 · ZIP auditado + dimensiones físicas
FR,BLOG_SCOOTER,fr/blog/scooter/index.html,rsb-scooter-rental-barcelona-vila-olimpica-800.webp,https://rentalscooterbarcelona.com/images/rsb-scooter-rental-barcelona-vila-olimpica-800.webp,1600,900,800,936,1.777778,0.854701,Relación declarada difiere 108.00% de la relación física,"Usar dimensiones coherentes con el recurso físico; referencia directa: width=""800"" height=""936"", validando CSS.",images/rsb-scooter-rental-barcelona-vila-olimpica-800.webp,108,RSB-002 · ZIP auditado + dimensiones físicas
FR,BLOG_LONGBOARD,fr/blog/longboard/index.html,rsb-longboard-rental-barcelona-vila-olimpica-800.webp,https://rentalscooterbarcelona.com/images/rsb-longboard-rental-barcelona-vila-olimpica-800.webp,1600,900,800,478,1.777778,1.67364,Relación declarada difiere 6.22% de la relación física,"Usar dimensiones coherentes con el recurso físico; referencia directa: width=""800"" height=""478"", validando CSS.",images/rsb-longboard-rental-barcelona-vila-olimpica-800.webp,6.2222,RSB-002 · ZIP auditado + dimensiones físicas
ES,SKATEBOARD,es/skateboard/index.html,rsb-skateboard-rental-barcelona-hero-group-beach-1600-v1.webp,https://rentalscooterbarcelona.com/images/rsb-skateboard-rental-barcelona-hero-group-beach-1600-v1.webp,1600,900,1600,1066,1.777778,1.500938,Relación declarada difiere 18.44% de la relación física,"Usar dimensiones coherentes con el recurso físico; referencia directa: width=""1600"" height=""1066"", validando CSS.",images/rsb-skateboard-rental-barcelona-hero-group-beach-1600-v1.webp,18.4444,RSB-002 · ZIP auditado + dimensiones físicas
ES,SKATEBOARD,es/skateboard/index.html,rsb-skateboard-rental-barcelona-vila-olimpica-800.webp,https://rentalscooterbarcelona.com/images/rsb-skateboard-rental-barcelona-vila-olimpica-800.webp,1200,675,800,360,1.777778,2.222222,Relación declarada difiere 20.00% de la relación física,"Usar dimensiones coherentes con el recurso físico; referencia directa: width=""800"" height=""360"", validando CSS.",images/rsb-skateboard-rental-barcelona-vila-olimpica-800.webp,20,RSB-002 · ZIP auditado + dimensiones físicas
ES,SKATEBOARD,es/skateboard/index.html,rsb-bike-rental-shop-olympic-village-barcelona.webp,https://rentalscooterbarcelona.com/images/rsb-bike-rental-shop-olympic-village-barcelona.webp,1200,675,480,720,1.777778,0.666667,Relación declarada difiere 166.67% de la relación física,"Usar dimensiones coherentes con el recurso físico; referencia directa: width=""480"" height=""720"", validando CSS.",images/rsb-bike-rental-shop-olympic-village-barcelona.webp,166.6667,RSB-002 · ZIP auditado + dimensiones físicas
ES,QUADS,es/quads/index.html,rsb-bike-rental-shop-olympic-village-barcelona.webp,https://rentalscooterbarcelona.com/images/rsb-bike-rental-shop-olympic-village-barcelona.webp,1200,675,480,720,1.777778,0.666667,Relación declarada difiere 166.67% de la relación física,"Usar dimensiones coherentes con el recurso físico; referencia directa: width=""480"" height=""720"", validando CSS.",images/rsb-bike-rental-shop-olympic-village-barcelona.webp,166.6667,RSB-002 · ZIP auditado + dimensiones físicas
ES,BIKE,es/bike/index.html,rsb-bike-rental-shop-olympic-village-barcelona.webp,https://rentalscooterbarcelona.com/images/rsb-bike-rental-shop-olympic-village-barcelona.webp,1200,675,480,720,1.777778,0.666667,Relación declarada difiere 166.67% de la relación física,"Usar dimensiones coherentes con el recurso físico; referencia directa: width=""480"" height=""720"", validando CSS.",images/rsb-bike-rental-shop-olympic-village-barcelona.webp,166.6667,RSB-002 · ZIP auditado + dimensiones físicas
ES,PRICES,es/Prices/index.html,rsb-barcelona-rental-hero-group-beach-800-v1.webp,https://rentalscooterbarcelona.com/images/rsb-barcelona-rental-hero-group-beach-800-v1.webp,800,449,800,437,1.781737,1.830664,Relación declarada difiere 2.67% de la relación física,"Usar dimensiones coherentes con el recurso físico; referencia directa: width=""800"" height=""437"", validando CSS.",images/rsb-barcelona-rental-hero-group-beach-800-v1.webp,2.6726,RSB-002 · ZIP auditado + dimensiones físicas
ES,PRICES,es/Prices/index.html,rsb-scooter-rental-barcelona-vila-olimpica-800.webp,https://rentalscooterbarcelona.com/images/rsb-scooter-rental-barcelona-vila-olimpica-800.webp,800,533,800,936,1.500938,0.854701,Relación declarada difiere 75.61% de la relación física,"Usar dimensiones coherentes con el recurso físico; referencia directa: width=""800"" height=""936"", validando CSS.",images/rsb-scooter-rental-barcelona-vila-olimpica-800.webp,75.6098,RSB-002 · ZIP auditado + dimensiones físicas
ES,PRICES,es/Prices/index.html,rsb-skateboard-rental-barcelona-vila-olimpica-800.webp,https://rentalscooterbarcelona.com/images/rsb-skateboard-rental-barcelona-vila-olimpica-800.webp,800,533,800,360,1.500938,2.222222,Relación declarada difiere 32.46% de la relación física,"Usar dimensiones coherentes con el recurso físico; referencia directa: width=""800"" height=""360"", validando CSS.",images/rsb-skateboard-rental-barcelona-vila-olimpica-800.webp,32.4578,RSB-002 · ZIP auditado + dimensiones físicas
ES,PRICES,es/Prices/index.html,rsb-barcelona-rental-shop-interior-inline-skates-bike-vila-olimpica-640.webp,https://rentalscooterbarcelona.com/images/rsb-barcelona-rental-shop-interior-inline-skates-bike-vila-olimpica-640.webp,1200,800,640,336,1.5,1.904762,Relación declarada difiere 21.25% de la relación física,"Usar dimensiones coherentes con el recurso físico; referencia directa: width=""640"" height=""336"", validando CSS.",images/rsb-barcelona-rental-shop-interior-inline-skates-bike-vila-olimpica-640.webp,21.25,RSB-002 · ZIP auditado + dimensiones físicas
ES,PRICES,es/Prices/index.html,rsb-bike-rental-shop-olympic-village-barcelona.webp,https://rentalscooterbarcelona.com/images/rsb-bike-rental-shop-olympic-village-barcelona.webp,1200,675,480,720,1.777778,0.666667,Relación declarada difiere 166.67% de la relación física,"Usar dimensiones coherentes con el recurso físico; referencia directa: width=""480"" height=""720"", validando CSS.",images/rsb-bike-rental-shop-olympic-village-barcelona.webp,166.6667,RSB-002 · ZIP auditado + dimensiones físicas
ES,PRICES,es/Prices/index.html,rsb-barcelona-rental-hero-group-beach-800-v1.webp,https://rentalscooterbarcelona.com/images/rsb-barcelona-rental-hero-group-beach-800-v1.webp,1600,899,800,437,1.779755,1.830664,Relación declarada difiere 2.78% de la relación física,"Usar dimensiones coherentes con el recurso físico; referencia directa: width=""800"" height=""437"", validando CSS.",images/rsb-barcelona-rental-hero-group-beach-800-v1.webp,2.7809,RSB-002 · ZIP auditado + dimensiones físicas
ES,ROLLERBLADES,es/rollerblades/index.html,rsb-rollerblades-rental-barcelona-hero-group-beach-1600-v1.webp,https://rentalscooterbarcelona.com/images/rsb-rollerblades-rental-barcelona-hero-group-beach-1600-v1.webp,1600,900,1600,874,1.777778,1.830664,Relación declarada difiere 2.89% de la relación física,"Usar dimensiones coherentes con el recurso físico; referencia directa: width=""1600"" height=""874"", validando CSS.",images/rsb-rollerblades-rental-barcelona-hero-group-beach-1600-v1.webp,2.8889,RSB-002 · ZIP auditado + dimensiones físicas
ES,ROLLERBLADES,es/rollerblades/index.html,rsb-rollerblades-rental-barcelona-hero-group-beach-1600-v1.webp,https://rentalscooterbarcelona.com/images/rsb-rollerblades-rental-barcelona-hero-group-beach-1600-v1.webp,1600,900,1600,874,1.777778,1.830664,Relación declarada difiere 2.89% de la relación física,"Usar dimensiones coherentes con el recurso físico; referencia directa: width=""1600"" height=""874"", validando CSS.",images/rsb-rollerblades-rental-barcelona-hero-group-beach-1600-v1.webp,2.8889,RSB-002 · ZIP auditado + dimensiones físicas
ES,ROLLERBLADES,es/rollerblades/index.html,rsb-bike-rental-shop-olympic-village-barcelona.webp,https://rentalscooterbarcelona.com/images/rsb-bike-rental-shop-olympic-village-barcelona.webp,1200,675,480,720,1.777778,0.666667,Relación declarada difiere 166.67% de la relación física,"Usar dimensiones coherentes con el recurso físico; referencia directa: width=""480"" height=""720"", validando CSS.",images/rsb-bike-rental-shop-olympic-village-barcelona.webp,166.6667,RSB-002 · ZIP auditado + dimensiones físicas
ES,LOCATION_CONTACT,es/location-contact/index.html,rsb-rental-scooter-barcelona-shop-vila-olimpica.webp,https://rentalscooterbarcelona.com/images/rsb-rental-scooter-barcelona-shop-vila-olimpica.webp,1200,800,585,594,1.5,0.984848,Relación declarada difiere 52.31% de la relación física,"Usar dimensiones coherentes con el recurso físico; referencia directa: width=""585"" height=""594"", validando CSS.",images/rsb-rental-scooter-barcelona-shop-vila-olimpica.webp,52.3077,RSB-002 · ZIP auditado + dimensiones físicas
ES,BLOG_INDEX,es/blog/index.html,rsb-barcelona-rental-hero-group-beach-1600-v1.webp,https://rentalscooterbarcelona.com/images/rsb-barcelona-rental-hero-group-beach-1600-v1.webp,1600,900,1600,874,1.777778,1.830664,Relación declarada difiere 2.89% de la relación física,"Usar dimensiones coherentes con el recurso físico; referencia directa: width=""1600"" height=""874"", validando CSS.",images/rsb-barcelona-rental-hero-group-beach-1600-v1.webp,2.8889,RSB-002 · ZIP auditado + dimensiones físicas
ES,SCOOTER,es/scooter/index.html,rsb-scooter-rental-barcelona-hero-group-v1-1536.webp,https://rentalscooterbarcelona.com/images/rsb-scooter-rental-barcelona-hero-group-v1-1536.webp,1536,864,1536,672,1.777778,2.285714,Relación declarada difiere 22.22% de la relación física,"Usar dimensiones coherentes con el recurso físico; referencia directa: width=""1536"" height=""672"", validando CSS.",images/rsb-scooter-rental-barcelona-hero-group-v1-1536.webp,22.2222,RSB-002 · ZIP auditado + dimensiones físicas
ES,SCOOTER,es/scooter/index.html,rsb-rental-scooter-barcelona-shop-vila-olimpica.webp,https://rentalscooterbarcelona.com/images/rsb-rental-scooter-barcelona-shop-vila-olimpica.webp,1200,675,585,594,1.777778,0.984848,Relación declarada difiere 80.51% de la relación física,"Usar dimensiones coherentes con el recurso físico; referencia directa: width=""585"" height=""594"", validando CSS.",images/rsb-rental-scooter-barcelona-shop-vila-olimpica.webp,80.5128,RSB-002 · ZIP auditado + dimensiones físicas
ES,LONGBOARD,es/longboard/index.html,rsb-longboard-rental-barcelona-hero-group-beach-1600-v1.webp,https://rentalscooterbarcelona.com/images/rsb-longboard-rental-barcelona-hero-group-beach-1600-v1.webp,1600,900,1600,1066,1.777778,1.500938,Relación declarada difiere 18.44% de la relación física,"Usar dimensiones coherentes con el recurso físico; referencia directa: width=""1600"" height=""1066"", validando CSS.",images/rsb-longboard-rental-barcelona-hero-group-beach-1600-v1.webp,18.4444,RSB-002 · ZIP auditado + dimensiones físicas
ES,LONGBOARD,es/longboard/index.html,rsb-longboard-rental-barcelona-vila-olimpica-800.webp,https://rentalscooterbarcelona.com/images/rsb-longboard-rental-barcelona-vila-olimpica-800.webp,1200,675,800,478,1.777778,1.67364,Relación declarada difiere 6.22% de la relación física,"Usar dimensiones coherentes con el recurso físico; referencia directa: width=""800"" height=""478"", validando CSS.",images/rsb-longboard-rental-barcelona-vila-olimpica-800.webp,6.2222,RSB-002 · ZIP auditado + dimensiones físicas
ES,LONGBOARD,es/longboard/index.html,rsb-bike-rental-shop-olympic-village-barcelona.webp,https://rentalscooterbarcelona.com/images/rsb-bike-rental-shop-olympic-village-barcelona.webp,1200,675,480,720,1.777778,0.666667,Relación declarada difiere 166.67% de la relación física,"Usar dimensiones coherentes con el recurso físico; referencia directa: width=""480"" height=""720"", validando CSS.",images/rsb-bike-rental-shop-olympic-village-barcelona.webp,166.6667,RSB-002 · ZIP auditado + dimensiones físicas
ES,BLOG_BEST_ROUTES,es/blog/best-rollerblading-routes-barcelona/index.html,rsb-inline-skates-rental-barcelona-vila-olimpica-800.webp,https://rentalscooterbarcelona.com/images/rsb-inline-skates-rental-barcelona-vila-olimpica-800.webp,1600,900,800,533,1.777778,1.500938,Relación declarada difiere 18.44% de la relación física,"Usar dimensiones coherentes con el recurso físico; referencia directa: width=""800"" height=""533"", validando CSS.",images/rsb-inline-skates-rental-barcelona-vila-olimpica-800.webp,18.4444,RSB-002 · ZIP auditado + dimensiones físicas
ES,BLOG_ROLLER_SKATES,es/blog/roller-skates/index.html,rsb-quad-skates-rental-barcelona-vila-olimpica-800.webp,https://rentalscooterbarcelona.com/images/rsb-quad-skates-rental-barcelona-vila-olimpica-800.webp,1600,900,800,533,1.777778,1.500938,Relación declarada difiere 18.44% de la relación física,"Usar dimensiones coherentes con el recurso físico; referencia directa: width=""800"" height=""533"", validando CSS.",images/rsb-quad-skates-rental-barcelona-vila-olimpica-800.webp,18.4444,RSB-002 · ZIP auditado + dimensiones físicas
ES,BLOG_SKATEBOARD,es/blog/skateboard/index.html,rsb-skateboard-rental-barcelona-vila-olimpica-800.webp,https://rentalscooterbarcelona.com/images/rsb-skateboard-rental-barcelona-vila-olimpica-800.webp,1600,900,800,360,1.777778,2.222222,Relación declarada difiere 20.00% de la relación física,"Usar dimensiones coherentes con el recurso físico; referencia directa: width=""800"" height=""360"", validando CSS.",images/rsb-skateboard-rental-barcelona-vila-olimpica-800.webp,20,RSB-002 · ZIP auditado + dimensiones físicas
ES,BLOG_INLINE_SKATES,es/blog/inline-skates/index.html,rsb-inline-skates-rental-barcelona-vila-olimpica-800.webp,https://rentalscooterbarcelona.com/images/rsb-inline-skates-rental-barcelona-vila-olimpica-800.webp,1600,900,800,533,1.777778,1.500938,Relación declarada difiere 18.44% de la relación física,"Usar dimensiones coherentes con el recurso físico; referencia directa: width=""800"" height=""533"", validando CSS.",images/rsb-inline-skates-rental-barcelona-vila-olimpica-800.webp,18.4444,RSB-002 · ZIP auditado + dimensiones físicas
ES,BLOG_BIKE,es/blog/bike/index.html,rsb-bike-rental-barcelona-vila-olimpica-800.webp,https://rentalscooterbarcelona.com/images/rsb-bike-rental-barcelona-vila-olimpica-800.webp,1600,900,800,533,1.777778,1.500938,Relación declarada difiere 18.44% de la relación física,"Usar dimensiones coherentes con el recurso físico; referencia directa: width=""800"" height=""533"", validando CSS.",images/rsb-bike-rental-barcelona-vila-olimpica-800.webp,18.4444,RSB-002 · ZIP auditado + dimensiones físicas
ES,BLOG_50CC_VS_125CC,es/blog/50cc-vs-125cc-scooter-rental-barcelona/index.html,rsb-scooter-rental-barcelona-vila-olimpica-800.webp,https://rentalscooterbarcelona.com/images/rsb-scooter-rental-barcelona-vila-olimpica-800.webp,1600,900,800,936,1.777778,0.854701,Relación declarada difiere 108.00% de la relación física,"Usar dimensiones coherentes con el recurso físico; referencia directa: width=""800"" height=""936"", validando CSS.",images/rsb-scooter-rental-barcelona-vila-olimpica-800.webp,108,RSB-002 · ZIP auditado + dimensiones físicas
ES,BLOG_SCOOTER,es/blog/scooter/index.html,rsb-scooter-rental-barcelona-vila-olimpica-800.webp,https://rentalscooterbarcelona.com/images/rsb-scooter-rental-barcelona-vila-olimpica-800.webp,1600,900,800,936,1.777778,0.854701,Relación declarada difiere 108.00% de la relación física,"Usar dimensiones coherentes con el recurso físico; referencia directa: width=""800"" height=""936"", validando CSS.",images/rsb-scooter-rental-barcelona-vila-olimpica-800.webp,108,RSB-002 · ZIP auditado + dimensiones físicas
ES,BLOG_LONGBOARD,es/blog/longboard/index.html,rsb-longboard-rental-barcelona-vila-olimpica-800.webp,https://rentalscooterbarcelona.com/images/rsb-longboard-rental-barcelona-vila-olimpica-800.webp,1600,900,800,478,1.777778,1.67364,Relación declarada difiere 6.22% de la relación física,"Usar dimensiones coherentes con el recurso físico; referencia directa: width=""800"" height=""478"", validando CSS.",images/rsb-longboard-rental-barcelona-vila-olimpica-800.webp,6.2222,RSB-002 · ZIP auditado + dimensiones físicas
PT,SKATEBOARD,pt/skateboard/index.html,rsb-skateboard-rental-barcelona-hero-group-beach-1600-v1.webp,https://rentalscooterbarcelona.com/images/rsb-skateboard-rental-barcelona-hero-group-beach-1600-v1.webp,1600,900,1600,1066,1.777778,1.500938,Relación declarada difiere 18.44% de la relación física,"Usar dimensiones coherentes con el recurso físico; referencia directa: width=""1600"" height=""1066"", validando CSS.",images/rsb-skateboard-rental-barcelona-hero-group-beach-1600-v1.webp,18.4444,RSB-002 · ZIP auditado + dimensiones físicas
PT,SKATEBOARD,pt/skateboard/index.html,rsb-skateboard-rental-barcelona-vila-olimpica-800.webp,https://rentalscooterbarcelona.com/images/rsb-skateboard-rental-barcelona-vila-olimpica-800.webp,1200,675,800,360,1.777778,2.222222,Relación declarada difiere 20.00% de la relación física,"Usar dimensiones coherentes con el recurso físico; referencia directa: width=""800"" height=""360"", validando CSS.",images/rsb-skateboard-rental-barcelona-vila-olimpica-800.webp,20,RSB-002 · ZIP auditado + dimensiones físicas
PT,SKATEBOARD,pt/skateboard/index.html,rsb-bike-rental-shop-olympic-village-barcelona.webp,https://rentalscooterbarcelona.com/images/rsb-bike-rental-shop-olympic-village-barcelona.webp,1200,675,480,720,1.777778,0.666667,Relación declarada difiere 166.67% de la relación física,"Usar dimensiones coherentes con el recurso físico; referencia directa: width=""480"" height=""720"", validando CSS.",images/rsb-bike-rental-shop-olympic-village-barcelona.webp,166.6667,RSB-002 · ZIP auditado + dimensiones físicas
PT,QUADS,pt/quads/index.html,rsb-bike-rental-shop-olympic-village-barcelona.webp,https://rentalscooterbarcelona.com/images/rsb-bike-rental-shop-olympic-village-barcelona.webp,1200,675,480,720,1.777778,0.666667,Relación declarada difiere 166.67% de la relación física,"Usar dimensiones coherentes con el recurso físico; referencia directa: width=""480"" height=""720"", validando CSS.",images/rsb-bike-rental-shop-olympic-village-barcelona.webp,166.6667,RSB-002 · ZIP auditado + dimensiones físicas
PT,BIKE,pt/bike/index.html,rsb-bike-rental-shop-olympic-village-barcelona.webp,https://rentalscooterbarcelona.com/images/rsb-bike-rental-shop-olympic-village-barcelona.webp,1200,675,480,720,1.777778,0.666667,Relación declarada difiere 166.67% de la relación física,"Usar dimensiones coherentes con el recurso físico; referencia directa: width=""480"" height=""720"", validando CSS.",images/rsb-bike-rental-shop-olympic-village-barcelona.webp,166.6667,RSB-002 · ZIP auditado + dimensiones físicas
PT,PRICES,pt/Prices/index.html,rsb-barcelona-rental-hero-group-beach-800-v1.webp,https://rentalscooterbarcelona.com/images/rsb-barcelona-rental-hero-group-beach-800-v1.webp,800,449,800,437,1.781737,1.830664,Relación declarada difiere 2.67% de la relación física,"Usar dimensiones coherentes con el recurso físico; referencia directa: width=""800"" height=""437"", validando CSS.",images/rsb-barcelona-rental-hero-group-beach-800-v1.webp,2.6726,RSB-002 · ZIP auditado + dimensiones físicas
PT,PRICES,pt/Prices/index.html,rsb-scooter-rental-barcelona-vila-olimpica-800.webp,https://rentalscooterbarcelona.com/images/rsb-scooter-rental-barcelona-vila-olimpica-800.webp,800,533,800,936,1.500938,0.854701,Relación declarada difiere 75.61% de la relación física,"Usar dimensiones coherentes con el recurso físico; referencia directa: width=""800"" height=""936"", validando CSS.",images/rsb-scooter-rental-barcelona-vila-olimpica-800.webp,75.6098,RSB-002 · ZIP auditado + dimensiones físicas
PT,PRICES,pt/Prices/index.html,rsb-skateboard-rental-barcelona-vila-olimpica-800.webp,https://rentalscooterbarcelona.com/images/rsb-skateboard-rental-barcelona-vila-olimpica-800.webp,800,533,800,360,1.500938,2.222222,Relación declarada difiere 32.46% de la relación física,"Usar dimensiones coherentes con el recurso físico; referencia directa: width=""800"" height=""360"", validando CSS.",images/rsb-skateboard-rental-barcelona-vila-olimpica-800.webp,32.4578,RSB-002 · ZIP auditado + dimensiones físicas
PT,PRICES,pt/Prices/index.html,rsb-barcelona-rental-shop-interior-inline-skates-bike-vila-olimpica-640.webp,https://rentalscooterbarcelona.com/images/rsb-barcelona-rental-shop-interior-inline-skates-bike-vila-olimpica-640.webp,1200,800,640,336,1.5,1.904762,Relación declarada difiere 21.25% de la relación física,"Usar dimensiones coherentes con el recurso físico; referencia directa: width=""640"" height=""336"", validando CSS.",images/rsb-barcelona-rental-shop-interior-inline-skates-bike-vila-olimpica-640.webp,21.25,RSB-002 · ZIP auditado + dimensiones físicas
PT,PRICES,pt/Prices/index.html,rsb-bike-rental-shop-olympic-village-barcelona.webp,https://rentalscooterbarcelona.com/images/rsb-bike-rental-shop-olympic-village-barcelona.webp,1200,675,480,720,1.777778,0.666667,Relación declarada difiere 166.67% de la relación física,"Usar dimensiones coherentes con el recurso físico; referencia directa: width=""480"" height=""720"", validando CSS.",images/rsb-bike-rental-shop-olympic-village-barcelona.webp,166.6667,RSB-002 · ZIP auditado + dimensiones físicas
PT,PRICES,pt/Prices/index.html,rsb-barcelona-rental-hero-group-beach-800-v1.webp,https://rentalscooterbarcelona.com/images/rsb-barcelona-rental-hero-group-beach-800-v1.webp,1600,899,800,437,1.779755,1.830664,Relación declarada difiere 2.78% de la relación física,"Usar dimensiones coherentes con el recurso físico; referencia directa: width=""800"" height=""437"", validando CSS.",images/rsb-barcelona-rental-hero-group-beach-800-v1.webp,2.7809,RSB-002 · ZIP auditado + dimensiones físicas
PT,ROLLERBLADES,pt/rollerblades/index.html,rsb-rollerblades-rental-barcelona-hero-group-beach-1600-v1.webp,https://rentalscooterbarcelona.com/images/rsb-rollerblades-rental-barcelona-hero-group-beach-1600-v1.webp,1600,900,1600,874,1.777778,1.830664,Relación declarada difiere 2.89% de la relación física,"Usar dimensiones coherentes con el recurso físico; referencia directa: width=""1600"" height=""874"", validando CSS.",images/rsb-rollerblades-rental-barcelona-hero-group-beach-1600-v1.webp,2.8889,RSB-002 · ZIP auditado + dimensiones físicas
PT,ROLLERBLADES,pt/rollerblades/index.html,rsb-rollerblades-rental-barcelona-hero-group-beach-1600-v1.webp,https://rentalscooterbarcelona.com/images/rsb-rollerblades-rental-barcelona-hero-group-beach-1600-v1.webp,1600,900,1600,874,1.777778,1.830664,Relación declarada difiere 2.89% de la relación física,"Usar dimensiones coherentes con el recurso físico; referencia directa: width=""1600"" height=""874"", validando CSS.",images/rsb-rollerblades-rental-barcelona-hero-group-beach-1600-v1.webp,2.8889,RSB-002 · ZIP auditado + dimensiones físicas
PT,ROLLERBLADES,pt/rollerblades/index.html,rsb-bike-rental-shop-olympic-village-barcelona.webp,https://rentalscooterbarcelona.com/images/rsb-bike-rental-shop-olympic-village-barcelona.webp,1200,675,480,720,1.777778,0.666667,Relación declarada difiere 166.67% de la relación física,"Usar dimensiones coherentes con el recurso físico; referencia directa: width=""480"" height=""720"", validando CSS.",images/rsb-bike-rental-shop-olympic-village-barcelona.webp,166.6667,RSB-002 · ZIP auditado + dimensiones físicas
PT,LOCATION_CONTACT,pt/location-contact/index.html,rsb-rental-scooter-barcelona-shop-vila-olimpica.webp,https://rentalscooterbarcelona.com/images/rsb-rental-scooter-barcelona-shop-vila-olimpica.webp,1200,800,585,594,1.5,0.984848,Relación declarada difiere 52.31% de la relación física,"Usar dimensiones coherentes con el recurso físico; referencia directa: width=""585"" height=""594"", validando CSS.",images/rsb-rental-scooter-barcelona-shop-vila-olimpica.webp,52.3077,RSB-002 · ZIP auditado + dimensiones físicas
PT,BLOG_INDEX,pt/blog/index.html,rsb-barcelona-rental-hero-group-beach-1600-v1.webp,https://rentalscooterbarcelona.com/images/rsb-barcelona-rental-hero-group-beach-1600-v1.webp,1600,900,1600,874,1.777778,1.830664,Relación declarada difiere 2.89% de la relación física,"Usar dimensiones coherentes con el recurso físico; referencia directa: width=""1600"" height=""874"", validando CSS.",images/rsb-barcelona-rental-hero-group-beach-1600-v1.webp,2.8889,RSB-002 · ZIP auditado + dimensiones físicas
PT,SCOOTER,pt/scooter/index.html,rsb-scooter-rental-barcelona-hero-group-v1-1536.webp,https://rentalscooterbarcelona.com/images/rsb-scooter-rental-barcelona-hero-group-v1-1536.webp,1536,864,1536,672,1.777778,2.285714,Relación declarada difiere 22.22% de la relación física,"Usar dimensiones coherentes con el recurso físico; referencia directa: width=""1536"" height=""672"", validando CSS.",images/rsb-scooter-rental-barcelona-hero-group-v1-1536.webp,22.2222,RSB-002 · ZIP auditado + dimensiones físicas
PT,SCOOTER,pt/scooter/index.html,rsb-rental-scooter-barcelona-shop-vila-olimpica.webp,https://rentalscooterbarcelona.com/images/rsb-rental-scooter-barcelona-shop-vila-olimpica.webp,1200,675,585,594,1.777778,0.984848,Relación declarada difiere 80.51% de la relación física,"Usar dimensiones coherentes con el recurso físico; referencia directa: width=""585"" height=""594"", validando CSS.",images/rsb-rental-scooter-barcelona-shop-vila-olimpica.webp,80.5128,RSB-002 · ZIP auditado + dimensiones físicas
PT,LONGBOARD,pt/longboard/index.html,rsb-longboard-rental-barcelona-hero-group-beach-1600-v1.webp,https://rentalscooterbarcelona.com/images/rsb-longboard-rental-barcelona-hero-group-beach-1600-v1.webp,1600,900,1600,1066,1.777778,1.500938,Relación declarada difiere 18.44% de la relación física,"Usar dimensiones coherentes con el recurso físico; referencia directa: width=""1600"" height=""1066"", validando CSS.",images/rsb-longboard-rental-barcelona-hero-group-beach-1600-v1.webp,18.4444,RSB-002 · ZIP auditado + dimensiones físicas
PT,LONGBOARD,pt/longboard/index.html,rsb-longboard-rental-barcelona-vila-olimpica-800.webp,https://rentalscooterbarcelona.com/images/rsb-longboard-rental-barcelona-vila-olimpica-800.webp,1200,675,800,478,1.777778,1.67364,Relación declarada difiere 6.22% de la relación física,"Usar dimensiones coherentes con el recurso físico; referencia directa: width=""800"" height=""478"", validando CSS.",images/rsb-longboard-rental-barcelona-vila-olimpica-800.webp,6.2222,RSB-002 · ZIP auditado + dimensiones físicas
PT,LONGBOARD,pt/longboard/index.html,rsb-bike-rental-shop-olympic-village-barcelona.webp,https://rentalscooterbarcelona.com/images/rsb-bike-rental-shop-olympic-village-barcelona.webp,1200,675,480,720,1.777778,0.666667,Relación declarada difiere 166.67% de la relación física,"Usar dimensiones coherentes con el recurso físico; referencia directa: width=""480"" height=""720"", validando CSS.",images/rsb-bike-rental-shop-olympic-village-barcelona.webp,166.6667,RSB-002 · ZIP auditado + dimensiones físicas
PT,BLOG_BEST_ROUTES,pt/blog/best-rollerblading-routes-barcelona/index.html,rsb-inline-skates-rental-barcelona-vila-olimpica-800.webp,https://rentalscooterbarcelona.com/images/rsb-inline-skates-rental-barcelona-vila-olimpica-800.webp,1600,900,800,533,1.777778,1.500938,Relación declarada difiere 18.44% de la relación física,"Usar dimensiones coherentes con el recurso físico; referencia directa: width=""800"" height=""533"", validando CSS.",images/rsb-inline-skates-rental-barcelona-vila-olimpica-800.webp,18.4444,RSB-002 · ZIP auditado + dimensiones físicas
PT,BLOG_ROLLER_SKATES,pt/blog/roller-skates/index.html,rsb-quad-skates-rental-barcelona-vila-olimpica-800.webp,https://rentalscooterbarcelona.com/images/rsb-quad-skates-rental-barcelona-vila-olimpica-800.webp,1600,900,800,533,1.777778,1.500938,Relación declarada difiere 18.44% de la relación física,"Usar dimensiones coherentes con el recurso físico; referencia directa: width=""800"" height=""533"", validando CSS.",images/rsb-quad-skates-rental-barcelona-vila-olimpica-800.webp,18.4444,RSB-002 · ZIP auditado + dimensiones físicas
PT,BLOG_SKATEBOARD,pt/blog/skateboard/index.html,rsb-skateboard-rental-barcelona-vila-olimpica-800.webp,https://rentalscooterbarcelona.com/images/rsb-skateboard-rental-barcelona-vila-olimpica-800.webp,1600,900,800,360,1.777778,2.222222,Relación declarada difiere 20.00% de la relación física,"Usar dimensiones coherentes con el recurso físico; referencia directa: width=""800"" height=""360"", validando CSS.",images/rsb-skateboard-rental-barcelona-vila-olimpica-800.webp,20,RSB-002 · ZIP auditado + dimensiones físicas
PT,BLOG_INLINE_SKATES,pt/blog/inline-skates/index.html,rsb-inline-skates-rental-barcelona-vila-olimpica-800.webp,https://rentalscooterbarcelona.com/images/rsb-inline-skates-rental-barcelona-vila-olimpica-800.webp,1600,900,800,533,1.777778,1.500938,Relación declarada difiere 18.44% de la relación física,"Usar dimensiones coherentes con el recurso físico; referencia directa: width=""800"" height=""533"", validando CSS.",images/rsb-inline-skates-rental-barcelona-vila-olimpica-800.webp,18.4444,RSB-002 · ZIP auditado + dimensiones físicas
PT,BLOG_BIKE,pt/blog/bike/index.html,rsb-bike-rental-barcelona-vila-olimpica-800.webp,https://rentalscooterbarcelona.com/images/rsb-bike-rental-barcelona-vila-olimpica-800.webp,1600,900,800,533,1.777778,1.500938,Relación declarada difiere 18.44% de la relación física,"Usar dimensiones coherentes con el recurso físico; referencia directa: width=""800"" height=""533"", validando CSS.",images/rsb-bike-rental-barcelona-vila-olimpica-800.webp,18.4444,RSB-002 · ZIP auditado + dimensiones físicas
PT,BLOG_50CC_VS_125CC,pt/blog/50cc-vs-125cc-scooter-rental-barcelona/index.html,rsb-scooter-rental-barcelona-vila-olimpica-800.webp,https://rentalscooterbarcelona.com/images/rsb-scooter-rental-barcelona-vila-olimpica-800.webp,1600,900,800,936,1.777778,0.854701,Relación declarada difiere 108.00% de la relación física,"Usar dimensiones coherentes con el recurso físico; referencia directa: width=""800"" height=""936"", validando CSS.",images/rsb-scooter-rental-barcelona-vila-olimpica-800.webp,108,RSB-002 · ZIP auditado + dimensiones físicas
PT,BLOG_BEGINNER_INLINE,pt/blog/patinagem-inline-barcelona-iniciantes/index.html,rsb-inline-skates-rental-barcelona-vila-olimpica-800.webp,https://rentalscooterbarcelona.com/images/rsb-inline-skates-rental-barcelona-vila-olimpica-800.webp,1600,900,800,533,1.777778,1.500938,Relación declarada difiere 18.44% de la relación física,"Usar dimensiones coherentes con el recurso físico; referencia directa: width=""800"" height=""533"", validando CSS.",images/rsb-inline-skates-rental-barcelona-vila-olimpica-800.webp,18.4444,RSB-002 · ZIP auditado + dimensiones físicas
PT,BLOG_HOURLY_INLINE_RENTAL,pt/blog/aluguer-patins-linha-barcelona-a-hora/index.html,rsb-inline-skates-rental-barcelona-vila-olimpica-800.webp,https://rentalscooterbarcelona.com/images/rsb-inline-skates-rental-barcelona-vila-olimpica-800.webp,1600,900,800,533,1.777778,1.500938,Relación declarada difiere 18.44% de la relación física,"Usar dimensiones coherentes con el recurso físico; referencia directa: width=""800"" height=""533"", validando CSS.",images/rsb-inline-skates-rental-barcelona-vila-olimpica-800.webp,18.4444,RSB-002 · ZIP auditado + dimensiones físicas
PT,BLOG_SCOOTER,pt/blog/scooter/index.html,rsb-scooter-rental-barcelona-vila-olimpica-800.webp,https://rentalscooterbarcelona.com/images/rsb-scooter-rental-barcelona-vila-olimpica-800.webp,1600,900,800,936,1.777778,0.854701,Relación declarada difiere 108.00% de la relación física,"Usar dimensiones coherentes con el recurso físico; referencia directa: width=""800"" height=""936"", validando CSS.",images/rsb-scooter-rental-barcelona-vila-olimpica-800.webp,108,RSB-002 · ZIP auditado + dimensiones físicas
PT,BLOG_LONGBOARD,pt/blog/longboard/index.html,rsb-longboard-rental-barcelona-vila-olimpica-800.webp,https://rentalscooterbarcelona.com/images/rsb-longboard-rental-barcelona-vila-olimpica-800.webp,1600,900,800,478,1.777778,1.67364,Relación declarada difiere 6.22% de la relación física,"Usar dimensiones coherentes con el recurso físico; referencia directa: width=""800"" height=""478"", validando CSS.",images/rsb-longboard-rental-barcelona-vila-olimpica-800.webp,6.2222,RSB-002 · ZIP auditado + dimensiones físicas
IT,SKATEBOARD,it/skateboard/index.html,rsb-skateboard-rental-barcelona-hero-group-beach-1600-v1.webp,https://rentalscooterbarcelona.com/images/rsb-skateboard-rental-barcelona-hero-group-beach-1600-v1.webp,1600,900,1600,1066,1.777778,1.500938,Relación declarada difiere 18.44% de la relación física,"Usar dimensiones coherentes con el recurso físico; referencia directa: width=""1600"" height=""1066"", validando CSS.",images/rsb-skateboard-rental-barcelona-hero-group-beach-1600-v1.webp,18.4444,RSB-002 · ZIP auditado + dimensiones físicas
IT,SKATEBOARD,it/skateboard/index.html,rsb-skateboard-rental-barcelona-vila-olimpica-800.webp,https://rentalscooterbarcelona.com/images/rsb-skateboard-rental-barcelona-vila-olimpica-800.webp,1200,675,800,360,1.777778,2.222222,Relación declarada difiere 20.00% de la relación física,"Usar dimensiones coherentes con el recurso físico; referencia directa: width=""800"" height=""360"", validando CSS.",images/rsb-skateboard-rental-barcelona-vila-olimpica-800.webp,20,RSB-002 · ZIP auditado + dimensiones físicas
IT,SKATEBOARD,it/skateboard/index.html,rsb-bike-rental-shop-olympic-village-barcelona.webp,https://rentalscooterbarcelona.com/images/rsb-bike-rental-shop-olympic-village-barcelona.webp,1200,675,480,720,1.777778,0.666667,Relación declarada difiere 166.67% de la relación física,"Usar dimensiones coherentes con el recurso físico; referencia directa: width=""480"" height=""720"", validando CSS.",images/rsb-bike-rental-shop-olympic-village-barcelona.webp,166.6667,RSB-002 · ZIP auditado + dimensiones físicas
IT,QUADS,it/quads/index.html,rsb-bike-rental-shop-olympic-village-barcelona.webp,https://rentalscooterbarcelona.com/images/rsb-bike-rental-shop-olympic-village-barcelona.webp,1200,675,480,720,1.777778,0.666667,Relación declarada difiere 166.67% de la relación física,"Usar dimensiones coherentes con el recurso físico; referencia directa: width=""480"" height=""720"", validando CSS.",images/rsb-bike-rental-shop-olympic-village-barcelona.webp,166.6667,RSB-002 · ZIP auditado + dimensiones físicas
IT,BIKE,it/bike/index.html,rsb-bike-rental-shop-olympic-village-barcelona.webp,https://rentalscooterbarcelona.com/images/rsb-bike-rental-shop-olympic-village-barcelona.webp,1200,675,480,720,1.777778,0.666667,Relación declarada difiere 166.67% de la relación física,"Usar dimensiones coherentes con el recurso físico; referencia directa: width=""480"" height=""720"", validando CSS.",images/rsb-bike-rental-shop-olympic-village-barcelona.webp,166.6667,RSB-002 · ZIP auditado + dimensiones físicas
IT,PRICES,it/Prices/index.html,rsb-barcelona-rental-hero-group-beach-800-v1.webp,https://rentalscooterbarcelona.com/images/rsb-barcelona-rental-hero-group-beach-800-v1.webp,800,449,800,437,1.781737,1.830664,Relación declarada difiere 2.67% de la relación física,"Usar dimensiones coherentes con el recurso físico; referencia directa: width=""800"" height=""437"", validando CSS.",images/rsb-barcelona-rental-hero-group-beach-800-v1.webp,2.6726,RSB-002 · ZIP auditado + dimensiones físicas
IT,PRICES,it/Prices/index.html,rsb-scooter-rental-barcelona-vila-olimpica-800.webp,https://rentalscooterbarcelona.com/images/rsb-scooter-rental-barcelona-vila-olimpica-800.webp,800,533,800,936,1.500938,0.854701,Relación declarada difiere 75.61% de la relación física,"Usar dimensiones coherentes con el recurso físico; referencia directa: width=""800"" height=""936"", validando CSS.",images/rsb-scooter-rental-barcelona-vila-olimpica-800.webp,75.6098,RSB-002 · ZIP auditado + dimensiones físicas
IT,PRICES,it/Prices/index.html,rsb-skateboard-rental-barcelona-vila-olimpica-800.webp,https://rentalscooterbarcelona.com/images/rsb-skateboard-rental-barcelona-vila-olimpica-800.webp,800,533,800,360,1.500938,2.222222,Relación declarada difiere 32.46% de la relación física,"Usar dimensiones coherentes con el recurso físico; referencia directa: width=""800"" height=""360"", validando CSS.",images/rsb-skateboard-rental-barcelona-vila-olimpica-800.webp,32.4578,RSB-002 · ZIP auditado + dimensiones físicas
IT,PRICES,it/Prices/index.html,rsb-barcelona-rental-shop-interior-inline-skates-bike-vila-olimpica-640.webp,https://rentalscooterbarcelona.com/images/rsb-barcelona-rental-shop-interior-inline-skates-bike-vila-olimpica-640.webp,1200,800,640,336,1.5,1.904762,Relación declarada difiere 21.25% de la relación física,"Usar dimensiones coherentes con el recurso físico; referencia directa: width=""640"" height=""336"", validando CSS.",images/rsb-barcelona-rental-shop-interior-inline-skates-bike-vila-olimpica-640.webp,21.25,RSB-002 · ZIP auditado + dimensiones físicas
IT,PRICES,it/Prices/index.html,rsb-bike-rental-shop-olympic-village-barcelona.webp,https://rentalscooterbarcelona.com/images/rsb-bike-rental-shop-olympic-village-barcelona.webp,1200,675,480,720,1.777778,0.666667,Relación declarada difiere 166.67% de la relación física,"Usar dimensiones coherentes con el recurso físico; referencia directa: width=""480"" height=""720"", validando CSS.",images/rsb-bike-rental-shop-olympic-village-barcelona.webp,166.6667,RSB-002 · ZIP auditado + dimensiones físicas
IT,PRICES,it/Prices/index.html,rsb-barcelona-rental-hero-group-beach-800-v1.webp,https://rentalscooterbarcelona.com/images/rsb-barcelona-rental-hero-group-beach-800-v1.webp,1600,899,800,437,1.779755,1.830664,Relación declarada difiere 2.78% de la relación física,"Usar dimensiones coherentes con el recurso físico; referencia directa: width=""800"" height=""437"", validando CSS.",images/rsb-barcelona-rental-hero-group-beach-800-v1.webp,2.7809,RSB-002 · ZIP auditado + dimensiones físicas
IT,ROLLERBLADES,it/rollerblades/index.html,rsb-rollerblades-rental-barcelona-hero-group-beach-1600-v1.webp,https://rentalscooterbarcelona.com/images/rsb-rollerblades-rental-barcelona-hero-group-beach-1600-v1.webp,1600,900,1600,874,1.777778,1.830664,Relación declarada difiere 2.89% de la relación física,"Usar dimensiones coherentes con el recurso físico; referencia directa: width=""1600"" height=""874"", validando CSS.",images/rsb-rollerblades-rental-barcelona-hero-group-beach-1600-v1.webp,2.8889,RSB-002 · ZIP auditado + dimensiones físicas
IT,ROLLERBLADES,it/rollerblades/index.html,rsb-rollerblades-rental-barcelona-hero-group-beach-1600-v1.webp,https://rentalscooterbarcelona.com/images/rsb-rollerblades-rental-barcelona-hero-group-beach-1600-v1.webp,1600,900,1600,874,1.777778,1.830664,Relación declarada difiere 2.89% de la relación física,"Usar dimensiones coherentes con el recurso físico; referencia directa: width=""1600"" height=""874"", validando CSS.",images/rsb-rollerblades-rental-barcelona-hero-group-beach-1600-v1.webp,2.8889,RSB-002 · ZIP auditado + dimensiones físicas
IT,ROLLERBLADES,it/rollerblades/index.html,rsb-bike-rental-shop-olympic-village-barcelona.webp,https://rentalscooterbarcelona.com/images/rsb-bike-rental-shop-olympic-village-barcelona.webp,1200,675,480,720,1.777778,0.666667,Relación declarada difiere 166.67% de la relación física,"Usar dimensiones coherentes con el recurso físico; referencia directa: width=""480"" height=""720"", validando CSS.",images/rsb-bike-rental-shop-olympic-village-barcelona.webp,166.6667,RSB-002 · ZIP auditado + dimensiones físicas
IT,LOCATION_CONTACT,it/location-contact/index.html,rsb-rental-scooter-barcelona-shop-vila-olimpica.webp,https://rentalscooterbarcelona.com/images/rsb-rental-scooter-barcelona-shop-vila-olimpica.webp,1200,800,585,594,1.5,0.984848,Relación declarada difiere 52.31% de la relación física,"Usar dimensiones coherentes con el recurso físico; referencia directa: width=""585"" height=""594"", validando CSS.",images/rsb-rental-scooter-barcelona-shop-vila-olimpica.webp,52.3077,RSB-002 · ZIP auditado + dimensiones físicas
IT,BLOG_INDEX,it/blog/index.html,rsb-barcelona-rental-hero-group-beach-1600-v1.webp,https://rentalscooterbarcelona.com/images/rsb-barcelona-rental-hero-group-beach-1600-v1.webp,1600,900,1600,874,1.777778,1.830664,Relación declarada difiere 2.89% de la relación física,"Usar dimensiones coherentes con el recurso físico; referencia directa: width=""1600"" height=""874"", validando CSS.",images/rsb-barcelona-rental-hero-group-beach-1600-v1.webp,2.8889,RSB-002 · ZIP auditado + dimensiones físicas
IT,SCOOTER,it/scooter/index.html,rsb-scooter-rental-barcelona-hero-group-v1-1536.webp,https://rentalscooterbarcelona.com/images/rsb-scooter-rental-barcelona-hero-group-v1-1536.webp,1536,864,1536,672,1.777778,2.285714,Relación declarada difiere 22.22% de la relación física,"Usar dimensiones coherentes con el recurso físico; referencia directa: width=""1536"" height=""672"", validando CSS.",images/rsb-scooter-rental-barcelona-hero-group-v1-1536.webp,22.2222,RSB-002 · ZIP auditado + dimensiones físicas
IT,SCOOTER,it/scooter/index.html,rsb-rental-scooter-barcelona-shop-vila-olimpica.webp,https://rentalscooterbarcelona.com/images/rsb-rental-scooter-barcelona-shop-vila-olimpica.webp,1200,675,585,594,1.777778,0.984848,Relación declarada difiere 80.51% de la relación física,"Usar dimensiones coherentes con el recurso físico; referencia directa: width=""585"" height=""594"", validando CSS.",images/rsb-rental-scooter-barcelona-shop-vila-olimpica.webp,80.5128,RSB-002 · ZIP auditado + dimensiones físicas
IT,LONGBOARD,it/longboard/index.html,rsb-longboard-rental-barcelona-hero-group-beach-1600-v1.webp,https://rentalscooterbarcelona.com/images/rsb-longboard-rental-barcelona-hero-group-beach-1600-v1.webp,1600,900,1600,1066,1.777778,1.500938,Relación declarada difiere 18.44% de la relación física,"Usar dimensiones coherentes con el recurso físico; referencia directa: width=""1600"" height=""1066"", validando CSS.",images/rsb-longboard-rental-barcelona-hero-group-beach-1600-v1.webp,18.4444,RSB-002 · ZIP auditado + dimensiones físicas
IT,LONGBOARD,it/longboard/index.html,rsb-longboard-rental-barcelona-vila-olimpica-800.webp,https://rentalscooterbarcelona.com/images/rsb-longboard-rental-barcelona-vila-olimpica-800.webp,1200,675,800,478,1.777778,1.67364,Relación declarada difiere 6.22% de la relación física,"Usar dimensiones coherentes con el recurso físico; referencia directa: width=""800"" height=""478"", validando CSS.",images/rsb-longboard-rental-barcelona-vila-olimpica-800.webp,6.2222,RSB-002 · ZIP auditado + dimensiones físicas
IT,LONGBOARD,it/longboard/index.html,rsb-bike-rental-shop-olympic-village-barcelona.webp,https://rentalscooterbarcelona.com/images/rsb-bike-rental-shop-olympic-village-barcelona.webp,1200,675,480,720,1.777778,0.666667,Relación declarada difiere 166.67% de la relación física,"Usar dimensiones coherentes con el recurso físico; referencia directa: width=""480"" height=""720"", validando CSS.",images/rsb-bike-rental-shop-olympic-village-barcelona.webp,166.6667,RSB-002 · ZIP auditado + dimensiones físicas
IT,BLOG_BEST_ROUTES,it/blog/best-rollerblading-routes-barcelona/index.html,rsb-inline-skates-rental-barcelona-vila-olimpica-800.webp,https://rentalscooterbarcelona.com/images/rsb-inline-skates-rental-barcelona-vila-olimpica-800.webp,1600,900,800,533,1.777778,1.500938,Relación declarada difiere 18.44% de la relación física,"Usar dimensiones coherentes con el recurso físico; referencia directa: width=""800"" height=""533"", validando CSS.",images/rsb-inline-skates-rental-barcelona-vila-olimpica-800.webp,18.4444,RSB-002 · ZIP auditado + dimensiones físicas
IT,BLOG_ROLLER_SKATES,it/blog/roller-skates/index.html,rsb-quad-skates-rental-barcelona-vila-olimpica-800.webp,https://rentalscooterbarcelona.com/images/rsb-quad-skates-rental-barcelona-vila-olimpica-800.webp,1600,900,800,533,1.777778,1.500938,Relación declarada difiere 18.44% de la relación física,"Usar dimensiones coherentes con el recurso físico; referencia directa: width=""800"" height=""533"", validando CSS.",images/rsb-quad-skates-rental-barcelona-vila-olimpica-800.webp,18.4444,RSB-002 · ZIP auditado + dimensiones físicas
IT,BLOG_SKATEBOARD,it/blog/skateboard/index.html,rsb-skateboard-rental-barcelona-vila-olimpica-800.webp,https://rentalscooterbarcelona.com/images/rsb-skateboard-rental-barcelona-vila-olimpica-800.webp,1600,900,800,360,1.777778,2.222222,Relación declarada difiere 20.00% de la relación física,"Usar dimensiones coherentes con el recurso físico; referencia directa: width=""800"" height=""360"", validando CSS.",images/rsb-skateboard-rental-barcelona-vila-olimpica-800.webp,20,RSB-002 · ZIP auditado + dimensiones físicas
IT,BLOG_INLINE_SKATES,it/blog/inline-skates/index.html,rsb-inline-skates-rental-barcelona-vila-olimpica-800.webp,https://rentalscooterbarcelona.com/images/rsb-inline-skates-rental-barcelona-vila-olimpica-800.webp,1600,900,800,533,1.777778,1.500938,Relación declarada difiere 18.44% de la relación física,"Usar dimensiones coherentes con el recurso físico; referencia directa: width=""800"" height=""533"", validando CSS.",images/rsb-inline-skates-rental-barcelona-vila-olimpica-800.webp,18.4444,RSB-002 · ZIP auditado + dimensiones físicas
IT,BLOG_BIKE,it/blog/bike/index.html,rsb-bike-rental-barcelona-vila-olimpica-800.webp,https://rentalscooterbarcelona.com/images/rsb-bike-rental-barcelona-vila-olimpica-800.webp,1600,900,800,533,1.777778,1.500938,Relación declarada difiere 18.44% de la relación física,"Usar dimensiones coherentes con el recurso físico; referencia directa: width=""800"" height=""533"", validando CSS.",images/rsb-bike-rental-barcelona-vila-olimpica-800.webp,18.4444,RSB-002 · ZIP auditado + dimensiones físicas
IT,BLOG_HOURLY_INLINE_RENTAL,it/blog/noleggio-pattini-linea-barcellona-a-ore/index.html,rsb-inline-skates-rental-barcelona-vila-olimpica-800.webp,https://rentalscooterbarcelona.com/images/rsb-inline-skates-rental-barcelona-vila-olimpica-800.webp,1600,900,800,533,1.777778,1.500938,Relación declarada difiere 18.44% de la relación física,"Usar dimensiones coherentes con el recurso físico; referencia directa: width=""800"" height=""533"", validando CSS.",images/rsb-inline-skates-rental-barcelona-vila-olimpica-800.webp,18.4444,RSB-002 · ZIP auditado + dimensiones físicas
IT,BLOG_50CC_VS_125CC,it/blog/50cc-vs-125cc-scooter-rental-barcelona/index.html,rsb-scooter-rental-barcelona-vila-olimpica-800.webp,https://rentalscooterbarcelona.com/images/rsb-scooter-rental-barcelona-vila-olimpica-800.webp,1600,900,800,936,1.777778,0.854701,Relación declarada difiere 108.00% de la relación física,"Usar dimensiones coherentes con el recurso físico; referencia directa: width=""800"" height=""936"", validando CSS.",images/rsb-scooter-rental-barcelona-vila-olimpica-800.webp,108,RSB-002 · ZIP auditado + dimensiones físicas
IT,BLOG_BEGINNER_INLINE,it/blog/pattinaggio-inline-principianti-barcellona/index.html,rsb-inline-skates-rental-barcelona-vila-olimpica-800.webp,https://rentalscooterbarcelona.com/images/rsb-inline-skates-rental-barcelona-vila-olimpica-800.webp,1600,900,800,533,1.777778,1.500938,Relación declarada difiere 18.44% de la relación física,"Usar dimensiones coherentes con el recurso físico; referencia directa: width=""800"" height=""533"", validando CSS.",images/rsb-inline-skates-rental-barcelona-vila-olimpica-800.webp,18.4444,RSB-002 · ZIP auditado + dimensiones físicas
IT,BLOG_SCOOTER,it/blog/scooter/index.html,rsb-scooter-rental-barcelona-vila-olimpica-800.webp,https://rentalscooterbarcelona.com/images/rsb-scooter-rental-barcelona-vila-olimpica-800.webp,1600,900,800,936,1.777778,0.854701,Relación declarada difiere 108.00% de la relación física,"Usar dimensiones coherentes con el recurso físico; referencia directa: width=""800"" height=""936"", validando CSS.",images/rsb-scooter-rental-barcelona-vila-olimpica-800.webp,108,RSB-002 · ZIP auditado + dimensiones físicas
IT,BLOG_LONGBOARD,it/blog/longboard/index.html,rsb-longboard-rental-barcelona-vila-olimpica-800.webp,https://rentalscooterbarcelona.com/images/rsb-longboard-rental-barcelona-vila-olimpica-800.webp,1600,900,800,478,1.777778,1.67364,Relación declarada difiere 6.22% de la relación física,"Usar dimensiones coherentes con el recurso físico; referencia directa: width=""800"" height=""478"", validando CSS.",images/rsb-longboard-rental-barcelona-vila-olimpica-800.webp,6.2222,RSB-002 · ZIP auditado + dimensiones físicas
NL,SKATEBOARD,nl/skateboard/index.html,rsb-skateboard-rental-barcelona-hero-group-beach-1600-v1.webp,https://rentalscooterbarcelona.com/images/rsb-skateboard-rental-barcelona-hero-group-beach-1600-v1.webp,1600,900,1600,1066,1.777778,1.500938,Relación declarada difiere 18.44% de la relación física,"Usar dimensiones coherentes con el recurso físico; referencia directa: width=""1600"" height=""1066"", validando CSS.",images/rsb-skateboard-rental-barcelona-hero-group-beach-1600-v1.webp,18.4444,RSB-002 · ZIP auditado + dimensiones físicas
NL,SKATEBOARD,nl/skateboard/index.html,rsb-skateboard-rental-barcelona-vila-olimpica-800.webp,https://rentalscooterbarcelona.com/images/rsb-skateboard-rental-barcelona-vila-olimpica-800.webp,1200,675,800,360,1.777778,2.222222,Relación declarada difiere 20.00% de la relación física,"Usar dimensiones coherentes con el recurso físico; referencia directa: width=""800"" height=""360"", validando CSS.",images/rsb-skateboard-rental-barcelona-vila-olimpica-800.webp,20,RSB-002 · ZIP auditado + dimensiones físicas
NL,SKATEBOARD,nl/skateboard/index.html,rsb-bike-rental-shop-olympic-village-barcelona.webp,https://rentalscooterbarcelona.com/images/rsb-bike-rental-shop-olympic-village-barcelona.webp,1200,675,480,720,1.777778,0.666667,Relación declarada difiere 166.67% de la relación física,"Usar dimensiones coherentes con el recurso físico; referencia directa: width=""480"" height=""720"", validando CSS.",images/rsb-bike-rental-shop-olympic-village-barcelona.webp,166.6667,RSB-002 · ZIP auditado + dimensiones físicas
NL,QUADS,nl/quads/index.html,rsb-bike-rental-shop-olympic-village-barcelona.webp,https://rentalscooterbarcelona.com/images/rsb-bike-rental-shop-olympic-village-barcelona.webp,1200,675,480,720,1.777778,0.666667,Relación declarada difiere 166.67% de la relación física,"Usar dimensiones coherentes con el recurso físico; referencia directa: width=""480"" height=""720"", validando CSS.",images/rsb-bike-rental-shop-olympic-village-barcelona.webp,166.6667,RSB-002 · ZIP auditado + dimensiones físicas
NL,BIKE,nl/bike/index.html,rsb-bike-rental-shop-olympic-village-barcelona.webp,https://rentalscooterbarcelona.com/images/rsb-bike-rental-shop-olympic-village-barcelona.webp,1200,675,480,720,1.777778,0.666667,Relación declarada difiere 166.67% de la relación física,"Usar dimensiones coherentes con el recurso físico; referencia directa: width=""480"" height=""720"", validando CSS.",images/rsb-bike-rental-shop-olympic-village-barcelona.webp,166.6667,RSB-002 · ZIP auditado + dimensiones físicas
NL,PRICES,nl/Prices/index.html,rsb-barcelona-rental-hero-group-beach-800-v1.webp,https://rentalscooterbarcelona.com/images/rsb-barcelona-rental-hero-group-beach-800-v1.webp,800,449,800,437,1.781737,1.830664,Relación declarada difiere 2.67% de la relación física,"Usar dimensiones coherentes con el recurso físico; referencia directa: width=""800"" height=""437"", validando CSS.",images/rsb-barcelona-rental-hero-group-beach-800-v1.webp,2.6726,RSB-002 · ZIP auditado + dimensiones físicas
NL,PRICES,nl/Prices/index.html,rsb-scooter-rental-barcelona-vila-olimpica-800.webp,https://rentalscooterbarcelona.com/images/rsb-scooter-rental-barcelona-vila-olimpica-800.webp,800,533,800,936,1.500938,0.854701,Relación declarada difiere 75.61% de la relación física,"Usar dimensiones coherentes con el recurso físico; referencia directa: width=""800"" height=""936"", validando CSS.",images/rsb-scooter-rental-barcelona-vila-olimpica-800.webp,75.6098,RSB-002 · ZIP auditado + dimensiones físicas
NL,PRICES,nl/Prices/index.html,rsb-skateboard-rental-barcelona-vila-olimpica-800.webp,https://rentalscooterbarcelona.com/images/rsb-skateboard-rental-barcelona-vila-olimpica-800.webp,800,533,800,360,1.500938,2.222222,Relación declarada difiere 32.46% de la relación física,"Usar dimensiones coherentes con el recurso físico; referencia directa: width=""800"" height=""360"", validando CSS.",images/rsb-skateboard-rental-barcelona-vila-olimpica-800.webp,32.4578,RSB-002 · ZIP auditado + dimensiones físicas
NL,PRICES,nl/Prices/index.html,rsb-barcelona-rental-shop-interior-inline-skates-bike-vila-olimpica-640.webp,https://rentalscooterbarcelona.com/images/rsb-barcelona-rental-shop-interior-inline-skates-bike-vila-olimpica-640.webp,1200,800,640,336,1.5,1.904762,Relación declarada difiere 21.25% de la relación física,"Usar dimensiones coherentes con el recurso físico; referencia directa: width=""640"" height=""336"", validando CSS.",images/rsb-barcelona-rental-shop-interior-inline-skates-bike-vila-olimpica-640.webp,21.25,RSB-002 · ZIP auditado + dimensiones físicas
NL,PRICES,nl/Prices/index.html,rsb-bike-rental-shop-olympic-village-barcelona.webp,https://rentalscooterbarcelona.com/images/rsb-bike-rental-shop-olympic-village-barcelona.webp,1200,675,480,720,1.777778,0.666667,Relación declarada difiere 166.67% de la relación física,"Usar dimensiones coherentes con el recurso físico; referencia directa: width=""480"" height=""720"", validando CSS.",images/rsb-bike-rental-shop-olympic-village-barcelona.webp,166.6667,RSB-002 · ZIP auditado + dimensiones físicas
NL,PRICES,nl/Prices/index.html,rsb-barcelona-rental-hero-group-beach-800-v1.webp,https://rentalscooterbarcelona.com/images/rsb-barcelona-rental-hero-group-beach-800-v1.webp,1600,899,800,437,1.779755,1.830664,Relación declarada difiere 2.78% de la relación física,"Usar dimensiones coherentes con el recurso físico; referencia directa: width=""800"" height=""437"", validando CSS.",images/rsb-barcelona-rental-hero-group-beach-800-v1.webp,2.7809,RSB-002 · ZIP auditado + dimensiones físicas
NL,ROLLERBLADES,nl/rollerblades/index.html,rsb-rollerblades-rental-barcelona-hero-group-beach-1600-v1.webp,https://rentalscooterbarcelona.com/images/rsb-rollerblades-rental-barcelona-hero-group-beach-1600-v1.webp,1600,900,1600,874,1.777778,1.830664,Relación declarada difiere 2.89% de la relación física,"Usar dimensiones coherentes con el recurso físico; referencia directa: width=""1600"" height=""874"", validando CSS.",images/rsb-rollerblades-rental-barcelona-hero-group-beach-1600-v1.webp,2.8889,RSB-002 · ZIP auditado + dimensiones físicas
NL,ROLLERBLADES,nl/rollerblades/index.html,rsb-rollerblades-rental-barcelona-hero-group-beach-1600-v1.webp,https://rentalscooterbarcelona.com/images/rsb-rollerblades-rental-barcelona-hero-group-beach-1600-v1.webp,1600,900,1600,874,1.777778,1.830664,Relación declarada difiere 2.89% de la relación física,"Usar dimensiones coherentes con el recurso físico; referencia directa: width=""1600"" height=""874"", validando CSS.",images/rsb-rollerblades-rental-barcelona-hero-group-beach-1600-v1.webp,2.8889,RSB-002 · ZIP auditado + dimensiones físicas
NL,ROLLERBLADES,nl/rollerblades/index.html,rsb-bike-rental-shop-olympic-village-barcelona.webp,https://rentalscooterbarcelona.com/images/rsb-bike-rental-shop-olympic-village-barcelona.webp,1200,675,480,720,1.777778,0.666667,Relación declarada difiere 166.67% de la relación física,"Usar dimensiones coherentes con el recurso físico; referencia directa: width=""480"" height=""720"", validando CSS.",images/rsb-bike-rental-shop-olympic-village-barcelona.webp,166.6667,RSB-002 · ZIP auditado + dimensiones físicas
NL,LOCATION_CONTACT,nl/location-contact/index.html,rsb-rental-scooter-barcelona-shop-vila-olimpica.webp,https://rentalscooterbarcelona.com/images/rsb-rental-scooter-barcelona-shop-vila-olimpica.webp,1200,800,585,594,1.5,0.984848,Relación declarada difiere 52.31% de la relación física,"Usar dimensiones coherentes con el recurso físico; referencia directa: width=""585"" height=""594"", validando CSS.",images/rsb-rental-scooter-barcelona-shop-vila-olimpica.webp,52.3077,RSB-002 · ZIP auditado + dimensiones físicas
NL,BLOG_INDEX,nl/blog/index.html,rsb-barcelona-rental-hero-group-beach-1600-v1.webp,https://rentalscooterbarcelona.com/images/rsb-barcelona-rental-hero-group-beach-1600-v1.webp,1600,900,1600,874,1.777778,1.830664,Relación declarada difiere 2.89% de la relación física,"Usar dimensiones coherentes con el recurso físico; referencia directa: width=""1600"" height=""874"", validando CSS.",images/rsb-barcelona-rental-hero-group-beach-1600-v1.webp,2.8889,RSB-002 · ZIP auditado + dimensiones físicas
NL,SCOOTER,nl/scooter/index.html,rsb-scooter-rental-barcelona-hero-group-v1-1536.webp,https://rentalscooterbarcelona.com/images/rsb-scooter-rental-barcelona-hero-group-v1-1536.webp,1536,864,1536,672,1.777778,2.285714,Relación declarada difiere 22.22% de la relación física,"Usar dimensiones coherentes con el recurso físico; referencia directa: width=""1536"" height=""672"", validando CSS.",images/rsb-scooter-rental-barcelona-hero-group-v1-1536.webp,22.2222,RSB-002 · ZIP auditado + dimensiones físicas
NL,SCOOTER,nl/scooter/index.html,rsb-rental-scooter-barcelona-shop-vila-olimpica.webp,https://rentalscooterbarcelona.com/images/rsb-rental-scooter-barcelona-shop-vila-olimpica.webp,1200,675,585,594,1.777778,0.984848,Relación declarada difiere 80.51% de la relación física,"Usar dimensiones coherentes con el recurso físico; referencia directa: width=""585"" height=""594"", validando CSS.",images/rsb-rental-scooter-barcelona-shop-vila-olimpica.webp,80.5128,RSB-002 · ZIP auditado + dimensiones físicas
NL,LONGBOARD,nl/longboard/index.html,rsb-longboard-rental-barcelona-hero-group-beach-1600-v1.webp,https://rentalscooterbarcelona.com/images/rsb-longboard-rental-barcelona-hero-group-beach-1600-v1.webp,1600,900,1600,1066,1.777778,1.500938,Relación declarada difiere 18.44% de la relación física,"Usar dimensiones coherentes con el recurso físico; referencia directa: width=""1600"" height=""1066"", validando CSS.",images/rsb-longboard-rental-barcelona-hero-group-beach-1600-v1.webp,18.4444,RSB-002 · ZIP auditado + dimensiones físicas
NL,LONGBOARD,nl/longboard/index.html,rsb-longboard-rental-barcelona-vila-olimpica-800.webp,https://rentalscooterbarcelona.com/images/rsb-longboard-rental-barcelona-vila-olimpica-800.webp,1200,675,800,478,1.777778,1.67364,Relación declarada difiere 6.22% de la relación física,"Usar dimensiones coherentes con el recurso físico; referencia directa: width=""800"" height=""478"", validando CSS.",images/rsb-longboard-rental-barcelona-vila-olimpica-800.webp,6.2222,RSB-002 · ZIP auditado + dimensiones físicas
NL,LONGBOARD,nl/longboard/index.html,rsb-bike-rental-shop-olympic-village-barcelona.webp,https://rentalscooterbarcelona.com/images/rsb-bike-rental-shop-olympic-village-barcelona.webp,1200,675,480,720,1.777778,0.666667,Relación declarada difiere 166.67% de la relación física,"Usar dimensiones coherentes con el recurso físico; referencia directa: width=""480"" height=""720"", validando CSS.",images/rsb-bike-rental-shop-olympic-village-barcelona.webp,166.6667,RSB-002 · ZIP auditado + dimensiones físicas
NL,BLOG_BEST_ROUTES,nl/blog/best-rollerblading-routes-barcelona/index.html,rsb-inline-skates-rental-barcelona-vila-olimpica-800.webp,https://rentalscooterbarcelona.com/images/rsb-inline-skates-rental-barcelona-vila-olimpica-800.webp,1600,900,800,533,1.777778,1.500938,Relación declarada difiere 18.44% de la relación física,"Usar dimensiones coherentes con el recurso físico; referencia directa: width=""800"" height=""533"", validando CSS.",images/rsb-inline-skates-rental-barcelona-vila-olimpica-800.webp,18.4444,RSB-002 · ZIP auditado + dimensiones físicas
NL,BLOG_ROLLER_SKATES,nl/blog/roller-skates/index.html,rsb-quad-skates-rental-barcelona-vila-olimpica-800.webp,https://rentalscooterbarcelona.com/images/rsb-quad-skates-rental-barcelona-vila-olimpica-800.webp,1600,900,800,533,1.777778,1.500938,Relación declarada difiere 18.44% de la relación física,"Usar dimensiones coherentes con el recurso físico; referencia directa: width=""800"" height=""533"", validando CSS.",images/rsb-quad-skates-rental-barcelona-vila-olimpica-800.webp,18.4444,RSB-002 · ZIP auditado + dimensiones físicas
NL,BLOG_SKATEBOARD,nl/blog/skateboard/index.html,rsb-skateboard-rental-barcelona-vila-olimpica-800.webp,https://rentalscooterbarcelona.com/images/rsb-skateboard-rental-barcelona-vila-olimpica-800.webp,1600,900,800,360,1.777778,2.222222,Relación declarada difiere 20.00% de la relación física,"Usar dimensiones coherentes con el recurso físico; referencia directa: width=""800"" height=""360"", validando CSS.",images/rsb-skateboard-rental-barcelona-vila-olimpica-800.webp,20,RSB-002 · ZIP auditado + dimensiones físicas
NL,BLOG_BEGINNER_INLINE,nl/blog/inline-skaten-barcelona-beginners/index.html,rsb-inline-skates-rental-barcelona-vila-olimpica-800.webp,https://rentalscooterbarcelona.com/images/rsb-inline-skates-rental-barcelona-vila-olimpica-800.webp,1600,900,800,533,1.777778,1.500938,Relación declarada difiere 18.44% de la relación física,"Usar dimensiones coherentes con el recurso físico; referencia directa: width=""800"" height=""533"", validando CSS.",images/rsb-inline-skates-rental-barcelona-vila-olimpica-800.webp,18.4444,RSB-002 · ZIP auditado + dimensiones físicas
NL,BLOG_INLINE_SKATES,nl/blog/inline-skates/index.html,rsb-inline-skates-rental-barcelona-vila-olimpica-800.webp,https://rentalscooterbarcelona.com/images/rsb-inline-skates-rental-barcelona-vila-olimpica-800.webp,1600,900,800,533,1.777778,1.500938,Relación declarada difiere 18.44% de la relación física,"Usar dimensiones coherentes con el recurso físico; referencia directa: width=""800"" height=""533"", validando CSS.",images/rsb-inline-skates-rental-barcelona-vila-olimpica-800.webp,18.4444,RSB-002 · ZIP auditado + dimensiones físicas
NL,BLOG_BIKE,nl/blog/bike/index.html,rsb-bike-rental-barcelona-vila-olimpica-800.webp,https://rentalscooterbarcelona.com/images/rsb-bike-rental-barcelona-vila-olimpica-800.webp,1600,900,800,533,1.777778,1.500938,Relación declarada difiere 18.44% de la relación física,"Usar dimensiones coherentes con el recurso físico; referencia directa: width=""800"" height=""533"", validando CSS.",images/rsb-bike-rental-barcelona-vila-olimpica-800.webp,18.4444,RSB-002 · ZIP auditado + dimensiones físicas
NL,BLOG_50CC_VS_125CC,nl/blog/50cc-vs-125cc-scooter-rental-barcelona/index.html,rsb-scooter-rental-barcelona-vila-olimpica-800.webp,https://rentalscooterbarcelona.com/images/rsb-scooter-rental-barcelona-vila-olimpica-800.webp,1600,900,800,936,1.777778,0.854701,Relación declarada difiere 108.00% de la relación física,"Usar dimensiones coherentes con el recurso físico; referencia directa: width=""800"" height=""936"", validando CSS.",images/rsb-scooter-rental-barcelona-vila-olimpica-800.webp,108,RSB-002 · ZIP auditado + dimensiones físicas
NL,BLOG_HOURLY_INLINE_RENTAL,nl/blog/inline-skates-huren-barcelona-per-uur/index.html,rsb-inline-skates-rental-barcelona-vila-olimpica-800.webp,https://rentalscooterbarcelona.com/images/rsb-inline-skates-rental-barcelona-vila-olimpica-800.webp,1600,900,800,533,1.777778,1.500938,Relación declarada difiere 18.44% de la relación física,"Usar dimensiones coherentes con el recurso físico; referencia directa: width=""800"" height=""533"", validando CSS.",images/rsb-inline-skates-rental-barcelona-vila-olimpica-800.webp,18.4444,RSB-002 · ZIP auditado + dimensiones físicas
NL,BLOG_SCOOTER,nl/blog/scooter/index.html,rsb-scooter-rental-barcelona-vila-olimpica-800.webp,https://rentalscooterbarcelona.com/images/rsb-scooter-rental-barcelona-vila-olimpica-800.webp,1600,900,800,936,1.777778,0.854701,Relación declarada difiere 108.00% de la relación física,"Usar dimensiones coherentes con el recurso físico; referencia directa: width=""800"" height=""936"", validando CSS.",images/rsb-scooter-rental-barcelona-vila-olimpica-800.webp,108,RSB-002 · ZIP auditado + dimensiones físicas
NL,BLOG_LONGBOARD,nl/blog/longboard/index.html,rsb-longboard-rental-barcelona-vila-olimpica-800.webp,https://rentalscooterbarcelona.com/images/rsb-longboard-rental-barcelona-vila-olimpica-800.webp,1600,900,800,478,1.777778,1.67364,Relación declarada difiere 6.22% de la relación física,"Usar dimensiones coherentes con el recurso físico; referencia directa: width=""800"" height=""478"", validando CSS.",images/rsb-longboard-rental-barcelona-vila-olimpica-800.webp,6.2222,RSB-002 · ZIP auditado + dimensiones físicas
